tm_inchikey	similarity
JKBYBPNRTMHEGS-UHFFFAOYSA-N	0.9248562845252303
JKBYBPNRTMHEGS-UHFFFAOYSA-N	0.9248562845252303
JKBYBPNRTMHEGS-UHFFFAOYSA-N	0.5099943274274238
JKBYBPNRTMHEGS-UHFFFAOYSA-N	0.5178219577695148
JKBYBPNRTMHEGS-UHFFFAOYSA-N	0.5099943274274238
JKBYBPNRTMHEGS-UHFFFAOYSA-N	0.5099943274274238
JKBYBPNRTMHEGS-UHFFFAOYSA-N	0.5099943274274238
JKBYBPNRTMHEGS-UHFFFAOYSA-N	0.5399962934437249
JKBYBPNRTMHEGS-UHFFFAOYSA-N	0.4389565100690752
JKBYBPNRTMHEGS-UHFFFAOYSA-N	1.0
JKBYBPNRTMHEGS-UHFFFAOYSA-N	0.5158740382394073
JKBYBPNRTMHEGS-UHFFFAOYSA-N	0.416328822757058
JKBYBPNRTMHEGS-UHFFFAOYSA-N	0.5158740382394073
JKBYBPNRTMHEGS-UHFFFAOYSA-N	0.5158740382394073
JKBYBPNRTMHEGS-UHFFFAOYSA-N	0.5158740382394073
JKBYBPNRTMHEGS-UHFFFAOYSA-N	0.43750643962994196
JKBYBPNRTMHEGS-UHFFFAOYSA-N	0.3072298046823417
JKBYBPNRTMHEGS-UHFFFAOYSA-N	0.5158740382394073
JKBYBPNRTMHEGS-UHFFFAOYSA-N	0.416328822757058
JKBYBPNRTMHEGS-UHFFFAOYSA-N	0.5158740382394073
JKBYBPNRTMHEGS-UHFFFAOYSA-N	0.5158740382394073
JKBYBPNRTMHEGS-UHFFFAOYSA-N	0.5158740382394073
JKBYBPNRTMHEGS-UHFFFAOYSA-N	0.43750643962994196
JKBYBPNRTMHEGS-UHFFFAOYSA-N	0.3072298046823417
JKBYBPNRTMHEGS-UHFFFAOYSA-N	0.9332371282788765
JKBYBPNRTMHEGS-UHFFFAOYSA-N	1.0
JKBYBPNRTMHEGS-UHFFFAOYSA-N	1.0
JKBYBPNRTMHEGS-UHFFFAOYSA-N	1.0
JKBYBPNRTMHEGS-UHFFFAOYSA-N	0.7293315489133168
JKBYBPNRTMHEGS-UHFFFAOYSA-N	0.724467943507227
JKBYBPNRTMHEGS-UHFFFAOYSA-N	0.9332371282788765
JKBYBPNRTMHEGS-UHFFFAOYSA-N	0.9332371282788765
JKBYBPNRTMHEGS-UHFFFAOYSA-N	0.9332371282788765
JKBYBPNRTMHEGS-UHFFFAOYSA-N	0.7327857894984063
JKBYBPNRTMHEGS-UHFFFAOYSA-N	0.7289852246343868
JKBYBPNRTMHEGS-UHFFFAOYSA-N	1.0
JKBYBPNRTMHEGS-UHFFFAOYSA-N	1.0
JKBYBPNRTMHEGS-UHFFFAOYSA-N	0.7293315489133168
JKBYBPNRTMHEGS-UHFFFAOYSA-N	0.724467943507227
JKBYBPNRTMHEGS-UHFFFAOYSA-N	1.0
JKBYBPNRTMHEGS-UHFFFAOYSA-N	0.7293315489133168
JKBYBPNRTMHEGS-UHFFFAOYSA-N	0.724467943507227
JKBYBPNRTMHEGS-UHFFFAOYSA-N	0.7293315489133168
JKBYBPNRTMHEGS-UHFFFAOYSA-N	0.724467943507227
JKBYBPNRTMHEGS-UHFFFAOYSA-N	0.9045340337332909
ZVERWTXKKWSSHH-UHFFFAOYSA-N	1.0
ZVERWTXKKWSSHH-UHFFFAOYSA-N	0.0
ZVERWTXKKWSSHH-UHFFFAOYSA-N	0.0
ZVERWTXKKWSSHH-UHFFFAOYSA-N	0.0
ZVERWTXKKWSSHH-UHFFFAOYSA-N	0.0
ZVERWTXKKWSSHH-UHFFFAOYSA-N	0.0
ZVERWTXKKWSSHH-UHFFFAOYSA-N	0.594418483337567
ZVERWTXKKWSSHH-UHFFFAOYSA-N	0.594418483337567
ZVERWTXKKWSSHH-UHFFFAOYSA-N	0.594418483337567
ZVERWTXKKWSSHH-UHFFFAOYSA-N	0.0
ZVERWTXKKWSSHH-UHFFFAOYSA-N	0.0
ZVERWTXKKWSSHH-UHFFFAOYSA-N	0.0
ZVERWTXKKWSSHH-UHFFFAOYSA-N	0.0
ZVERWTXKKWSSHH-UHFFFAOYSA-N	0.0
ZVERWTXKKWSSHH-UHFFFAOYSA-N	0.594418483337567
ZVERWTXKKWSSHH-UHFFFAOYSA-N	0.594418483337567
ZVERWTXKKWSSHH-UHFFFAOYSA-N	0.594418483337567
ZVERWTXKKWSSHH-UHFFFAOYSA-N	0.0
ZVERWTXKKWSSHH-UHFFFAOYSA-N	0.0
ZVERWTXKKWSSHH-UHFFFAOYSA-N	0.0
ZVERWTXKKWSSHH-UHFFFAOYSA-N	0.0
ZVERWTXKKWSSHH-UHFFFAOYSA-N	0.0
ZVERWTXKKWSSHH-UHFFFAOYSA-N	0.0
ZVERWTXKKWSSHH-UHFFFAOYSA-N	0.0
ZVERWTXKKWSSHH-UHFFFAOYSA-N	0.0
ZVERWTXKKWSSHH-UHFFFAOYSA-N	0.0
ZVERWTXKKWSSHH-UHFFFAOYSA-N	0.0
ZVERWTXKKWSSHH-UHFFFAOYSA-N	0.0
ZVERWTXKKWSSHH-UHFFFAOYSA-N	0.0
ZVERWTXKKWSSHH-UHFFFAOYSA-N	0.0
ZVERWTXKKWSSHH-UHFFFAOYSA-N	0.0
ZVERWTXKKWSSHH-UHFFFAOYSA-N	0.67700320038633
ZVERWTXKKWSSHH-UHFFFAOYSA-N	0.511237358145545
ZVERWTXKKWSSHH-UHFFFAOYSA-N	0.511237358145545
ZVERWTXKKWSSHH-UHFFFAOYSA-N	0.511237358145545
ZVERWTXKKWSSHH-UHFFFAOYSA-N	0.0
ZVERWTXKKWSSHH-UHFFFAOYSA-N	0.0
ZVERWTXKKWSSHH-UHFFFAOYSA-N	0.0
ZVERWTXKKWSSHH-UHFFFAOYSA-N	0.0
ZVERWTXKKWSSHH-UHFFFAOYSA-N	0.5
ZVERWTXKKWSSHH-UHFFFAOYSA-N	0.5
ZVERWTXKKWSSHH-UHFFFAOYSA-N	0.5
ZVERWTXKKWSSHH-UHFFFAOYSA-N	1.0
ZVERWTXKKWSSHH-UHFFFAOYSA-N	1.0
ZVERWTXKKWSSHH-UHFFFAOYSA-N	1.0
QIXXLCJOJGHZJB-UHFFFAOYSA-N	0.0
QIXXLCJOJGHZJB-UHFFFAOYSA-N	0.0
QIXXLCJOJGHZJB-UHFFFAOYSA-N	0.0
QIXXLCJOJGHZJB-UHFFFAOYSA-N	0.0
QIXXLCJOJGHZJB-UHFFFAOYSA-N	0.0
QIXXLCJOJGHZJB-UHFFFAOYSA-N	0.0
QIXXLCJOJGHZJB-UHFFFAOYSA-N	0.0
QIXXLCJOJGHZJB-UHFFFAOYSA-N	0.0
QIXXLCJOJGHZJB-UHFFFAOYSA-N	0.0
QIXXLCJOJGHZJB-UHFFFAOYSA-N	0.0
QIXXLCJOJGHZJB-UHFFFAOYSA-N	0.0
QIXXLCJOJGHZJB-UHFFFAOYSA-N	0.0
QIXXLCJOJGHZJB-UHFFFAOYSA-N	0.0
QIXXLCJOJGHZJB-UHFFFAOYSA-N	0.0
QIXXLCJOJGHZJB-UHFFFAOYSA-N	0.0
QIXXLCJOJGHZJB-UHFFFAOYSA-N	0.0
QIXXLCJOJGHZJB-UHFFFAOYSA-N	0.0
QIXXLCJOJGHZJB-UHFFFAOYSA-N	0.0
QIXXLCJOJGHZJB-UHFFFAOYSA-N	0.0
QIXXLCJOJGHZJB-UHFFFAOYSA-N	0.0
QIXXLCJOJGHZJB-UHFFFAOYSA-N	0.0
QIXXLCJOJGHZJB-UHFFFAOYSA-N	0.0
QIXXLCJOJGHZJB-UHFFFAOYSA-N	0.0
QIXXLCJOJGHZJB-UHFFFAOYSA-N	0.0
QIXXLCJOJGHZJB-UHFFFAOYSA-N	0.0
QIXXLCJOJGHZJB-UHFFFAOYSA-N	0.0
QIXXLCJOJGHZJB-UHFFFAOYSA-N	0.0
QIXXLCJOJGHZJB-UHFFFAOYSA-N	0.0
QIXXLCJOJGHZJB-UHFFFAOYSA-N	0.0
QIXXLCJOJGHZJB-UHFFFAOYSA-N	0.0
QIXXLCJOJGHZJB-UHFFFAOYSA-N	0.5733268733486193
QIXXLCJOJGHZJB-UHFFFAOYSA-N	0.0
QIXXLCJOJGHZJB-UHFFFAOYSA-N	0.0
QIXXLCJOJGHZJB-UHFFFAOYSA-N	0.5697266689968578
QIXXLCJOJGHZJB-UHFFFAOYSA-N	0.5697266689968578
QIXXLCJOJGHZJB-UHFFFAOYSA-N	0.0
QIXXLCJOJGHZJB-UHFFFAOYSA-N	0.0
QIXXLCJOJGHZJB-UHFFFAOYSA-N	0.6983225049986964
QIXXLCJOJGHZJB-UHFFFAOYSA-N	0.6983225049986964
QIXXLCJOJGHZJB-UHFFFAOYSA-N	1.0
QIXXLCJOJGHZJB-UHFFFAOYSA-N	0.0
QIXXLCJOJGHZJB-UHFFFAOYSA-N	0.0
QIXXLCJOJGHZJB-UHFFFAOYSA-N	0.0
QIXXLCJOJGHZJB-UHFFFAOYSA-N	0.0
QIXXLCJOJGHZJB-UHFFFAOYSA-N	0.6969320524371696
JDTWUDDOSHJEIZ-UHFFFAOYSA-N	1.0
JDTWUDDOSHJEIZ-UHFFFAOYSA-N	0.6275453221187545
JDTWUDDOSHJEIZ-UHFFFAOYSA-N	0.7790663928346829
JDTWUDDOSHJEIZ-UHFFFAOYSA-N	0.6215815605080611
JDTWUDDOSHJEIZ-UHFFFAOYSA-N	0.7790663928346829
JDTWUDDOSHJEIZ-UHFFFAOYSA-N	0.7799572637865061
JDTWUDDOSHJEIZ-UHFFFAOYSA-N	0.6016004296234145
JDTWUDDOSHJEIZ-UHFFFAOYSA-N	0.7799572637865061
JDTWUDDOSHJEIZ-UHFFFAOYSA-N	0.7799572637865061
JDTWUDDOSHJEIZ-UHFFFAOYSA-N	0.6275453221187545
JDTWUDDOSHJEIZ-UHFFFAOYSA-N	0.7790663928346829
JDTWUDDOSHJEIZ-UHFFFAOYSA-N	0.6215815605080611
JDTWUDDOSHJEIZ-UHFFFAOYSA-N	0.7790663928346829
JDTWUDDOSHJEIZ-UHFFFAOYSA-N	0.7799572637865061
JDTWUDDOSHJEIZ-UHFFFAOYSA-N	0.6016004296234145
JDTWUDDOSHJEIZ-UHFFFAOYSA-N	0.7799572637865061
JDTWUDDOSHJEIZ-UHFFFAOYSA-N	0.7799572637865061
JDTWUDDOSHJEIZ-UHFFFAOYSA-N	0.49313468564056434
JDTWUDDOSHJEIZ-UHFFFAOYSA-N	0.3930648801406709
JDTWUDDOSHJEIZ-UHFFFAOYSA-N	0.49313468564056434
JDTWUDDOSHJEIZ-UHFFFAOYSA-N	0.4970421167274115
JDTWUDDOSHJEIZ-UHFFFAOYSA-N	0.3830344213845121
JDTWUDDOSHJEIZ-UHFFFAOYSA-N	0.4970421167274115
JDTWUDDOSHJEIZ-UHFFFAOYSA-N	0.4970421167274115
JDTWUDDOSHJEIZ-UHFFFAOYSA-N	0.7534535869529773
JDTWUDDOSHJEIZ-UHFFFAOYSA-N	1.0
JDTWUDDOSHJEIZ-UHFFFAOYSA-N	0.7683227611621728
JDTWUDDOSHJEIZ-UHFFFAOYSA-N	0.5938319321460944
JDTWUDDOSHJEIZ-UHFFFAOYSA-N	0.7683227611621728
JDTWUDDOSHJEIZ-UHFFFAOYSA-N	0.7683227611621728
JDTWUDDOSHJEIZ-UHFFFAOYSA-N	0.7534535869529773
JDTWUDDOSHJEIZ-UHFFFAOYSA-N	0.6082495642970347
JDTWUDDOSHJEIZ-UHFFFAOYSA-N	0.6058963522009269
JDTWUDDOSHJEIZ-UHFFFAOYSA-N	0.6082495642970347
JDTWUDDOSHJEIZ-UHFFFAOYSA-N	0.6082495642970347
JDTWUDDOSHJEIZ-UHFFFAOYSA-N	0.7683227611621728
JDTWUDDOSHJEIZ-UHFFFAOYSA-N	0.5938319321460944
JDTWUDDOSHJEIZ-UHFFFAOYSA-N	0.7683227611621728
JDTWUDDOSHJEIZ-UHFFFAOYSA-N	0.7683227611621728
JDTWUDDOSHJEIZ-UHFFFAOYSA-N	0.7691987172809551
JDTWUDDOSHJEIZ-UHFFFAOYSA-N	1.0
JDTWUDDOSHJEIZ-UHFFFAOYSA-N	1.0
JDTWUDDOSHJEIZ-UHFFFAOYSA-N	0.7691987172809551
JDTWUDDOSHJEIZ-UHFFFAOYSA-N	0.7691987172809551
JDTWUDDOSHJEIZ-UHFFFAOYSA-N	1.0
AVCXUODHLRZJJP-UHFFFAOYSA-N	0.725764902621745
AVCXUODHLRZJJP-UHFFFAOYSA-N	0.7244984190346266
AVCXUODHLRZJJP-UHFFFAOYSA-N	0.7026734661277598
AVCXUODHLRZJJP-UHFFFAOYSA-N	0.725764902621745
AVCXUODHLRZJJP-UHFFFAOYSA-N	0.5409794175000839
AVCXUODHLRZJJP-UHFFFAOYSA-N	0.5418040118913732
AVCXUODHLRZJJP-UHFFFAOYSA-N	0.5019878149950765
AVCXUODHLRZJJP-UHFFFAOYSA-N	0.4690736582747317
AVCXUODHLRZJJP-UHFFFAOYSA-N	0.5782909254176434
AVCXUODHLRZJJP-UHFFFAOYSA-N	0.8299250027587323
AVCXUODHLRZJJP-UHFFFAOYSA-N	0.5140004168981078
AVCXUODHLRZJJP-UHFFFAOYSA-N	1.0
AVCXUODHLRZJJP-UHFFFAOYSA-N	0.5525912982097555
AVCXUODHLRZJJP-UHFFFAOYSA-N	0.6624868971450597
AVCXUODHLRZJJP-UHFFFAOYSA-N	0.5035084024272375
AVCXUODHLRZJJP-UHFFFAOYSA-N	0.5697841598958984
AVCXUODHLRZJJP-UHFFFAOYSA-N	0.5107259272376304
AVCXUODHLRZJJP-UHFFFAOYSA-N	0.5132181379714255
AVCXUODHLRZJJP-UHFFFAOYSA-N	0.8299250027587323
AVCXUODHLRZJJP-UHFFFAOYSA-N	0.6624868971450597
AVCXUODHLRZJJP-UHFFFAOYSA-N	0.5525912982097555
AVCXUODHLRZJJP-UHFFFAOYSA-N	0.4211203540990037
AVCXUODHLRZJJP-UHFFFAOYSA-N	0.4666671423811856
AVCXUODHLRZJJP-UHFFFAOYSA-N	0.529027161972835
AVCXUODHLRZJJP-UHFFFAOYSA-N	0.5140004168981078
AVCXUODHLRZJJP-UHFFFAOYSA-N	0.7948910943342187
AVCXUODHLRZJJP-UHFFFAOYSA-N	0.7959387655583302
AVCXUODHLRZJJP-UHFFFAOYSA-N	0.4808694989820674
AVCXUODHLRZJJP-UHFFFAOYSA-N	0.5645386126514584
AVCXUODHLRZJJP-UHFFFAOYSA-N	0.55415331503076
AVCXUODHLRZJJP-UHFFFAOYSA-N	0.5525912982097555
AVCXUODHLRZJJP-UHFFFAOYSA-N	0.6624868971450597
AVCXUODHLRZJJP-UHFFFAOYSA-N	0.5035084024272375
AVCXUODHLRZJJP-UHFFFAOYSA-N	0.5697841598958984
AVCXUODHLRZJJP-UHFFFAOYSA-N	0.5107259272376304
AVCXUODHLRZJJP-UHFFFAOYSA-N	0.8534606386520676
AVCXUODHLRZJJP-UHFFFAOYSA-N	0.4238506758740266
AVCXUODHLRZJJP-UHFFFAOYSA-N	0.5924732690628214
AVCXUODHLRZJJP-UHFFFAOYSA-N	0.5309434939267069
AVCXUODHLRZJJP-UHFFFAOYSA-N	0.5082285991108761
AVCXUODHLRZJJP-UHFFFAOYSA-N	0.6606647213056513
AVCXUODHLRZJJP-UHFFFAOYSA-N	0.514660331017094
AVCXUODHLRZJJP-UHFFFAOYSA-N	0.6491416356420172
AVCXUODHLRZJJP-UHFFFAOYSA-N	0.7989892604934301
AVCXUODHLRZJJP-UHFFFAOYSA-N	0.64615797513029
HELKVQOFPUCVAJ-UHFFFAOYSA-N	0.816496580927726
HELKVQOFPUCVAJ-UHFFFAOYSA-N	0.779957263786506
HELKVQOFPUCVAJ-UHFFFAOYSA-N	0.7667011724464022
HELKVQOFPUCVAJ-UHFFFAOYSA-N	0.816496580927726
HELKVQOFPUCVAJ-UHFFFAOYSA-N	0.5562218227015034
HELKVQOFPUCVAJ-UHFFFAOYSA-N	0.779957263786506
HELKVQOFPUCVAJ-UHFFFAOYSA-N	0.7458337867903528
HELKVQOFPUCVAJ-UHFFFAOYSA-N	0.4918171892059419
HELKVQOFPUCVAJ-UHFFFAOYSA-N	0.4918171892059419
HELKVQOFPUCVAJ-UHFFFAOYSA-N	0.779957263786506
HELKVQOFPUCVAJ-UHFFFAOYSA-N	0.7667011724464022
HELKVQOFPUCVAJ-UHFFFAOYSA-N	0.816496580927726
HELKVQOFPUCVAJ-UHFFFAOYSA-N	0.5562218227015034
HELKVQOFPUCVAJ-UHFFFAOYSA-N	0.779957263786506
HELKVQOFPUCVAJ-UHFFFAOYSA-N	0.7458337867903528
HELKVQOFPUCVAJ-UHFFFAOYSA-N	0.4918171892059419
HELKVQOFPUCVAJ-UHFFFAOYSA-N	0.4918171892059419
HELKVQOFPUCVAJ-UHFFFAOYSA-N	0.7652657144787122
HELKVQOFPUCVAJ-UHFFFAOYSA-N	0.779957263786506
HELKVQOFPUCVAJ-UHFFFAOYSA-N	0.5571643373058187
HELKVQOFPUCVAJ-UHFFFAOYSA-N	1.0
HELKVQOFPUCVAJ-UHFFFAOYSA-N	0.6993090797588638
HELKVQOFPUCVAJ-UHFFFAOYSA-N	0.46698460765737176
HELKVQOFPUCVAJ-UHFFFAOYSA-N	0.46698460765737176
HELKVQOFPUCVAJ-UHFFFAOYSA-N	0.7667011724464022
HELKVQOFPUCVAJ-UHFFFAOYSA-N	0.5574887001488468
HELKVQOFPUCVAJ-UHFFFAOYSA-N	0.7652657144787122
HELKVQOFPUCVAJ-UHFFFAOYSA-N	0.6826347923599116
HELKVQOFPUCVAJ-UHFFFAOYSA-N	0.4598748929863457
HELKVQOFPUCVAJ-UHFFFAOYSA-N	0.4598748929863457
HELKVQOFPUCVAJ-UHFFFAOYSA-N	0.5562218227015034
HELKVQOFPUCVAJ-UHFFFAOYSA-N	0.779957263786506
HELKVQOFPUCVAJ-UHFFFAOYSA-N	0.7458337867903528
HELKVQOFPUCVAJ-UHFFFAOYSA-N	0.4918171892059419
HELKVQOFPUCVAJ-UHFFFAOYSA-N	0.4918171892059419
HELKVQOFPUCVAJ-UHFFFAOYSA-N	0.5571643373058187
HELKVQOFPUCVAJ-UHFFFAOYSA-N	0.4985259657511718
HELKVQOFPUCVAJ-UHFFFAOYSA-N	0.5782046448805368
HELKVQOFPUCVAJ-UHFFFAOYSA-N	0.5782046448805368
HELKVQOFPUCVAJ-UHFFFAOYSA-N	0.6993090797588638
HELKVQOFPUCVAJ-UHFFFAOYSA-N	0.46698460765737176
HELKVQOFPUCVAJ-UHFFFAOYSA-N	0.46698460765737176
HELKVQOFPUCVAJ-UHFFFAOYSA-N	0.5176537143355275
HELKVQOFPUCVAJ-UHFFFAOYSA-N	0.5176537143355275
HELKVQOFPUCVAJ-UHFFFAOYSA-N	0.9258200997725514
LDZJFVOUPUFOHX-UHFFFAOYSA-N	1.0
LDZJFVOUPUFOHX-UHFFFAOYSA-N	0.5630420206488296
LDZJFVOUPUFOHX-UHFFFAOYSA-N	0.5630420206488296
LDZJFVOUPUFOHX-UHFFFAOYSA-N	0.6908492797077574
LDZJFVOUPUFOHX-UHFFFAOYSA-N	0.6908492797077574
LDZJFVOUPUFOHX-UHFFFAOYSA-N	0.6908492797077574
LDZJFVOUPUFOHX-UHFFFAOYSA-N	0.6908492797077574
LDZJFVOUPUFOHX-UHFFFAOYSA-N	0.6908492797077574
LDZJFVOUPUFOHX-UHFFFAOYSA-N	0.6908492797077574
LDZJFVOUPUFOHX-UHFFFAOYSA-N	0.5630420206488296
LDZJFVOUPUFOHX-UHFFFAOYSA-N	0.5630420206488296
LDZJFVOUPUFOHX-UHFFFAOYSA-N	0.6908492797077574
LDZJFVOUPUFOHX-UHFFFAOYSA-N	0.6908492797077574
LDZJFVOUPUFOHX-UHFFFAOYSA-N	0.6908492797077574
LDZJFVOUPUFOHX-UHFFFAOYSA-N	0.6908492797077574
LDZJFVOUPUFOHX-UHFFFAOYSA-N	0.6908492797077574
LDZJFVOUPUFOHX-UHFFFAOYSA-N	0.6908492797077574
LDZJFVOUPUFOHX-UHFFFAOYSA-N	0.816496580927726
LDZJFVOUPUFOHX-UHFFFAOYSA-N	0.5733268733486193
LDZJFVOUPUFOHX-UHFFFAOYSA-N	0.5733268733486193
LDZJFVOUPUFOHX-UHFFFAOYSA-N	0.5733268733486193
LDZJFVOUPUFOHX-UHFFFAOYSA-N	0.5733268733486193
LDZJFVOUPUFOHX-UHFFFAOYSA-N	0.5733268733486193
LDZJFVOUPUFOHX-UHFFFAOYSA-N	0.5733268733486193
LDZJFVOUPUFOHX-UHFFFAOYSA-N	0.5733268733486193
LDZJFVOUPUFOHX-UHFFFAOYSA-N	0.5733268733486193
LDZJFVOUPUFOHX-UHFFFAOYSA-N	0.5733268733486193
LDZJFVOUPUFOHX-UHFFFAOYSA-N	0.5733268733486193
LDZJFVOUPUFOHX-UHFFFAOYSA-N	0.5733268733486193
LDZJFVOUPUFOHX-UHFFFAOYSA-N	0.5733268733486193
LDZJFVOUPUFOHX-UHFFFAOYSA-N	0.7071067811865476
LDZJFVOUPUFOHX-UHFFFAOYSA-N	0.7071067811865476
LDZJFVOUPUFOHX-UHFFFAOYSA-N	0.7071067811865476
LDZJFVOUPUFOHX-UHFFFAOYSA-N	0.7071067811865476
LDZJFVOUPUFOHX-UHFFFAOYSA-N	0.7071067811865476
LDZJFVOUPUFOHX-UHFFFAOYSA-N	0.7071067811865476
LDZJFVOUPUFOHX-UHFFFAOYSA-N	0.7071067811865476
LDZJFVOUPUFOHX-UHFFFAOYSA-N	0.7071067811865476
LDZJFVOUPUFOHX-UHFFFAOYSA-N	0.7071067811865476
LDZJFVOUPUFOHX-UHFFFAOYSA-N	0.7071067811865476
LDZJFVOUPUFOHX-UHFFFAOYSA-N	0.7071067811865476
LDZJFVOUPUFOHX-UHFFFAOYSA-N	0.7071067811865476
LDZJFVOUPUFOHX-UHFFFAOYSA-N	0.7071067811865476
LDZJFVOUPUFOHX-UHFFFAOYSA-N	0.7071067811865476
LDZJFVOUPUFOHX-UHFFFAOYSA-N	0.7071067811865476
GNQGSUOEYQIORN-UHFFFAOYSA-N	1.0
GNQGSUOEYQIORN-UHFFFAOYSA-N	1.0
GNQGSUOEYQIORN-UHFFFAOYSA-N	1.0
GNQGSUOEYQIORN-UHFFFAOYSA-N	1.0
GNQGSUOEYQIORN-UHFFFAOYSA-N	1.0
GNQGSUOEYQIORN-UHFFFAOYSA-N	1.0
GNQGSUOEYQIORN-UHFFFAOYSA-N	1.0
GNQGSUOEYQIORN-UHFFFAOYSA-N	0.8066563360220042
GNQGSUOEYQIORN-UHFFFAOYSA-N	0.8066563360220042
GNQGSUOEYQIORN-UHFFFAOYSA-N	1.0
GNQGSUOEYQIORN-UHFFFAOYSA-N	1.0
GNQGSUOEYQIORN-UHFFFAOYSA-N	1.0
GNQGSUOEYQIORN-UHFFFAOYSA-N	1.0
GNQGSUOEYQIORN-UHFFFAOYSA-N	1.0
GNQGSUOEYQIORN-UHFFFAOYSA-N	1.0
GNQGSUOEYQIORN-UHFFFAOYSA-N	0.8066563360220042
GNQGSUOEYQIORN-UHFFFAOYSA-N	0.8066563360220042
GNQGSUOEYQIORN-UHFFFAOYSA-N	1.0
GNQGSUOEYQIORN-UHFFFAOYSA-N	1.0
GNQGSUOEYQIORN-UHFFFAOYSA-N	1.0
GNQGSUOEYQIORN-UHFFFAOYSA-N	1.0
GNQGSUOEYQIORN-UHFFFAOYSA-N	1.0
GNQGSUOEYQIORN-UHFFFAOYSA-N	0.8066563360220042
GNQGSUOEYQIORN-UHFFFAOYSA-N	0.8066563360220042
GNQGSUOEYQIORN-UHFFFAOYSA-N	1.0
GNQGSUOEYQIORN-UHFFFAOYSA-N	1.0
GNQGSUOEYQIORN-UHFFFAOYSA-N	1.0
GNQGSUOEYQIORN-UHFFFAOYSA-N	1.0
GNQGSUOEYQIORN-UHFFFAOYSA-N	0.8066563360220042
GNQGSUOEYQIORN-UHFFFAOYSA-N	0.8066563360220042
GNQGSUOEYQIORN-UHFFFAOYSA-N	1.0
GNQGSUOEYQIORN-UHFFFAOYSA-N	1.0
GNQGSUOEYQIORN-UHFFFAOYSA-N	1.0
GNQGSUOEYQIORN-UHFFFAOYSA-N	0.8066563360220042
GNQGSUOEYQIORN-UHFFFAOYSA-N	0.8066563360220042
GNQGSUOEYQIORN-UHFFFAOYSA-N	1.0
GNQGSUOEYQIORN-UHFFFAOYSA-N	1.0
GNQGSUOEYQIORN-UHFFFAOYSA-N	0.8066563360220042
GNQGSUOEYQIORN-UHFFFAOYSA-N	0.8066563360220042
GNQGSUOEYQIORN-UHFFFAOYSA-N	1.0
GNQGSUOEYQIORN-UHFFFAOYSA-N	0.8066563360220042
GNQGSUOEYQIORN-UHFFFAOYSA-N	0.8066563360220042
GNQGSUOEYQIORN-UHFFFAOYSA-N	0.8066563360220042
GNQGSUOEYQIORN-UHFFFAOYSA-N	0.8066563360220042
GNQGSUOEYQIORN-UHFFFAOYSA-N	1.0
YCKSXEPJXNDHEB-UHFFFAOYSA-N	0.8030200930495263
YCKSXEPJXNDHEB-UHFFFAOYSA-N	1.0
YCKSXEPJXNDHEB-UHFFFAOYSA-N	0.8030200930495263
YCKSXEPJXNDHEB-UHFFFAOYSA-N	1.0
YCKSXEPJXNDHEB-UHFFFAOYSA-N	0.8030200930495263
YCKSXEPJXNDHEB-UHFFFAOYSA-N	0.8568930704969753
YCKSXEPJXNDHEB-UHFFFAOYSA-N	0.8568930704969753
YCKSXEPJXNDHEB-UHFFFAOYSA-N	0.6887674494345675
YCKSXEPJXNDHEB-UHFFFAOYSA-N	0.6887674494345675
YCKSXEPJXNDHEB-UHFFFAOYSA-N	0.8030200930495263
YCKSXEPJXNDHEB-UHFFFAOYSA-N	1.0
YCKSXEPJXNDHEB-UHFFFAOYSA-N	0.8030200930495263
YCKSXEPJXNDHEB-UHFFFAOYSA-N	1.0
YCKSXEPJXNDHEB-UHFFFAOYSA-N	0.6887674494345675
YCKSXEPJXNDHEB-UHFFFAOYSA-N	0.6887674494345675
YCKSXEPJXNDHEB-UHFFFAOYSA-N	0.8568930704969753
YCKSXEPJXNDHEB-UHFFFAOYSA-N	0.8568930704969753
YCKSXEPJXNDHEB-UHFFFAOYSA-N	0.8030200930495263
YCKSXEPJXNDHEB-UHFFFAOYSA-N	1.0
YCKSXEPJXNDHEB-UHFFFAOYSA-N	0.8030200930495263
YCKSXEPJXNDHEB-UHFFFAOYSA-N	0.8568930704969753
YCKSXEPJXNDHEB-UHFFFAOYSA-N	0.8568930704969753
YCKSXEPJXNDHEB-UHFFFAOYSA-N	0.6887674494345675
YCKSXEPJXNDHEB-UHFFFAOYSA-N	0.6887674494345675
YCKSXEPJXNDHEB-UHFFFAOYSA-N	0.8030200930495263
YCKSXEPJXNDHEB-UHFFFAOYSA-N	1.0
YCKSXEPJXNDHEB-UHFFFAOYSA-N	0.6887674494345675
YCKSXEPJXNDHEB-UHFFFAOYSA-N	0.6887674494345675
YCKSXEPJXNDHEB-UHFFFAOYSA-N	0.8568930704969753
YCKSXEPJXNDHEB-UHFFFAOYSA-N	0.8568930704969753
YCKSXEPJXNDHEB-UHFFFAOYSA-N	0.8030200930495263
YCKSXEPJXNDHEB-UHFFFAOYSA-N	0.8568930704969753
YCKSXEPJXNDHEB-UHFFFAOYSA-N	0.8568930704969753
YCKSXEPJXNDHEB-UHFFFAOYSA-N	0.6887674494345675
YCKSXEPJXNDHEB-UHFFFAOYSA-N	0.6887674494345675
YCKSXEPJXNDHEB-UHFFFAOYSA-N	0.6887674494345675
YCKSXEPJXNDHEB-UHFFFAOYSA-N	0.6887674494345675
YCKSXEPJXNDHEB-UHFFFAOYSA-N	0.8568930704969753
YCKSXEPJXNDHEB-UHFFFAOYSA-N	0.8568930704969753
YCKSXEPJXNDHEB-UHFFFAOYSA-N	1.0
YCKSXEPJXNDHEB-UHFFFAOYSA-N	0.8537880777058515
YCKSXEPJXNDHEB-UHFFFAOYSA-N	0.8537880777058515
YCKSXEPJXNDHEB-UHFFFAOYSA-N	0.8537880777058515
YCKSXEPJXNDHEB-UHFFFAOYSA-N	0.8537880777058515
YCKSXEPJXNDHEB-UHFFFAOYSA-N	1.0
LGPNQALKGDDVBD-CYBMUJFWSA-N	0.5902649391694365
LGPNQALKGDDVBD-CYBMUJFWSA-N	0.4759655553467532
LGPNQALKGDDVBD-CYBMUJFWSA-N	0.6074928962939559
LGPNQALKGDDVBD-CYBMUJFWSA-N	0.47984050848198184
LGPNQALKGDDVBD-CYBMUJFWSA-N	0.4114253678777396
LGPNQALKGDDVBD-CYBMUJFWSA-N	0.5902649391694365
LGPNQALKGDDVBD-CYBMUJFWSA-N	0.47984050848198184
LGPNQALKGDDVBD-CYBMUJFWSA-N	0.588918837213921
LGPNQALKGDDVBD-CYBMUJFWSA-N	0.6074928962939559
LGPNQALKGDDVBD-CYBMUJFWSA-N	0.7684244858645451
LGPNQALKGDDVBD-CYBMUJFWSA-N	0.9098229375970787
LGPNQALKGDDVBD-CYBMUJFWSA-N	0.7874007874011811
LGPNQALKGDDVBD-CYBMUJFWSA-N	0.6454972243679028
LGPNQALKGDDVBD-CYBMUJFWSA-N	1.0
LGPNQALKGDDVBD-CYBMUJFWSA-N	0.7874007874011811
LGPNQALKGDDVBD-CYBMUJFWSA-N	0.8979142498033985
LGPNQALKGDDVBD-CYBMUJFWSA-N	0.9098229375970787
LGPNQALKGDDVBD-CYBMUJFWSA-N	0.7807200583588266
LGPNQALKGDDVBD-CYBMUJFWSA-N	0.7453559924999299
LGPNQALKGDDVBD-CYBMUJFWSA-N	0.8272696053887149
LGPNQALKGDDVBD-CYBMUJFWSA-N	0.7684244858645451
LGPNQALKGDDVBD-CYBMUJFWSA-N	0.7453559924999299
LGPNQALKGDDVBD-CYBMUJFWSA-N	0.7715167498104596
LGPNQALKGDDVBD-CYBMUJFWSA-N	0.7807200583588266
LGPNQALKGDDVBD-CYBMUJFWSA-N	0.7416198487095662
LGPNQALKGDDVBD-CYBMUJFWSA-N	0.6678230711206281
LGPNQALKGDDVBD-CYBMUJFWSA-N	0.9098229375970787
LGPNQALKGDDVBD-CYBMUJFWSA-N	0.7416198487095662
LGPNQALKGDDVBD-CYBMUJFWSA-N	0.9453835200594519
LGPNQALKGDDVBD-CYBMUJFWSA-N	1.0
LGPNQALKGDDVBD-CYBMUJFWSA-N	0.833939173713854
LGPNQALKGDDVBD-CYBMUJFWSA-N	0.7874007874011811
LGPNQALKGDDVBD-CYBMUJFWSA-N	1.0
LGPNQALKGDDVBD-CYBMUJFWSA-N	0.7187952884282608
LGPNQALKGDDVBD-CYBMUJFWSA-N	0.7416198487095662
LGPNQALKGDDVBD-CYBMUJFWSA-N	0.6454972243679028
LGPNQALKGDDVBD-CYBMUJFWSA-N	0.833939173713854
LGPNQALKGDDVBD-CYBMUJFWSA-N	0.6476453075908483
LGPNQALKGDDVBD-CYBMUJFWSA-N	0.6678230711206281
LGPNQALKGDDVBD-CYBMUJFWSA-N	0.7874007874011811
LGPNQALKGDDVBD-CYBMUJFWSA-N	0.8979142498033985
LGPNQALKGDDVBD-CYBMUJFWSA-N	0.9098229375970787
LGPNQALKGDDVBD-CYBMUJFWSA-N	0.7187952884282608
LGPNQALKGDDVBD-CYBMUJFWSA-N	0.7416198487095662
LGPNQALKGDDVBD-CYBMUJFWSA-N	0.9453835200594519
UZCLUOWLQYOFSZ-UHFFFAOYSA-N	0.0
UZCLUOWLQYOFSZ-UHFFFAOYSA-N	1.0
UZCLUOWLQYOFSZ-UHFFFAOYSA-N	0.0
UZCLUOWLQYOFSZ-UHFFFAOYSA-N	1.0
UZCLUOWLQYOFSZ-UHFFFAOYSA-N	0.0
UZCLUOWLQYOFSZ-UHFFFAOYSA-N	0.6933752452815364
UZCLUOWLQYOFSZ-UHFFFAOYSA-N	0.42847373733957556
UZCLUOWLQYOFSZ-UHFFFAOYSA-N	0.0
UZCLUOWLQYOFSZ-UHFFFAOYSA-N	0.3620842527713765
UZCLUOWLQYOFSZ-UHFFFAOYSA-N	0.0
UZCLUOWLQYOFSZ-UHFFFAOYSA-N	0.0
UZCLUOWLQYOFSZ-UHFFFAOYSA-N	0.0
UZCLUOWLQYOFSZ-UHFFFAOYSA-N	0.7686151382644183
UZCLUOWLQYOFSZ-UHFFFAOYSA-N	0.5593035962878415
UZCLUOWLQYOFSZ-UHFFFAOYSA-N	0.7646014547562571
UZCLUOWLQYOFSZ-UHFFFAOYSA-N	0.0
UZCLUOWLQYOFSZ-UHFFFAOYSA-N	0.6437722424561235
UZCLUOWLQYOFSZ-UHFFFAOYSA-N	0.0
UZCLUOWLQYOFSZ-UHFFFAOYSA-N	1.0
UZCLUOWLQYOFSZ-UHFFFAOYSA-N	0.0
UZCLUOWLQYOFSZ-UHFFFAOYSA-N	0.6933752452815364
UZCLUOWLQYOFSZ-UHFFFAOYSA-N	0.42847373733957556
UZCLUOWLQYOFSZ-UHFFFAOYSA-N	0.0
UZCLUOWLQYOFSZ-UHFFFAOYSA-N	0.3620842527713765
UZCLUOWLQYOFSZ-UHFFFAOYSA-N	0.0
UZCLUOWLQYOFSZ-UHFFFAOYSA-N	0.0
UZCLUOWLQYOFSZ-UHFFFAOYSA-N	0.0
UZCLUOWLQYOFSZ-UHFFFAOYSA-N	0.0
UZCLUOWLQYOFSZ-UHFFFAOYSA-N	0.0
UZCLUOWLQYOFSZ-UHFFFAOYSA-N	0.0
UZCLUOWLQYOFSZ-UHFFFAOYSA-N	0.0
UZCLUOWLQYOFSZ-UHFFFAOYSA-N	0.6933752452815364
UZCLUOWLQYOFSZ-UHFFFAOYSA-N	0.42847373733957556
UZCLUOWLQYOFSZ-UHFFFAOYSA-N	0.0
UZCLUOWLQYOFSZ-UHFFFAOYSA-N	0.3620842527713765
UZCLUOWLQYOFSZ-UHFFFAOYSA-N	0.4326424472696677
UZCLUOWLQYOFSZ-UHFFFAOYSA-N	0.7617215897030754
UZCLUOWLQYOFSZ-UHFFFAOYSA-N	0.0
UZCLUOWLQYOFSZ-UHFFFAOYSA-N	0.6419407387663694
UZCLUOWLQYOFSZ-UHFFFAOYSA-N	0.6183992095868028
UZCLUOWLQYOFSZ-UHFFFAOYSA-N	0.0
UZCLUOWLQYOFSZ-UHFFFAOYSA-N	0.5215151215238365
UZCLUOWLQYOFSZ-UHFFFAOYSA-N	0.0
UZCLUOWLQYOFSZ-UHFFFAOYSA-N	0.8415347337933878
UZCLUOWLQYOFSZ-UHFFFAOYSA-N	0.0
ZQXOMIPSVVBRGV-UHFFFAOYSA-N	0.7745966692414834
ZQXOMIPSVVBRGV-UHFFFAOYSA-N	0.7509993342207435
ZQXOMIPSVVBRGV-UHFFFAOYSA-N	0.7509993342207435
ZQXOMIPSVVBRGV-UHFFFAOYSA-N	0.7745966692414834
ZQXOMIPSVVBRGV-UHFFFAOYSA-N	0.7745966692414834
ZQXOMIPSVVBRGV-UHFFFAOYSA-N	0.7509993342207435
ZQXOMIPSVVBRGV-UHFFFAOYSA-N	0.7509993342207435
ZQXOMIPSVVBRGV-UHFFFAOYSA-N	0.7694153624668538
ZQXOMIPSVVBRGV-UHFFFAOYSA-N	0.7694153624668538
ZQXOMIPSVVBRGV-UHFFFAOYSA-N	0.7509993342207435
ZQXOMIPSVVBRGV-UHFFFAOYSA-N	0.7509993342207435
ZQXOMIPSVVBRGV-UHFFFAOYSA-N	0.7745966692414834
ZQXOMIPSVVBRGV-UHFFFAOYSA-N	0.7745966692414834
ZQXOMIPSVVBRGV-UHFFFAOYSA-N	0.7509993342207435
ZQXOMIPSVVBRGV-UHFFFAOYSA-N	0.7509993342207435
ZQXOMIPSVVBRGV-UHFFFAOYSA-N	0.7694153624668538
ZQXOMIPSVVBRGV-UHFFFAOYSA-N	0.7694153624668538
ZQXOMIPSVVBRGV-UHFFFAOYSA-N	0.7745966692414834
ZQXOMIPSVVBRGV-UHFFFAOYSA-N	0.7509993342207435
ZQXOMIPSVVBRGV-UHFFFAOYSA-N	0.7509993342207435
ZQXOMIPSVVBRGV-UHFFFAOYSA-N	0.7745966692414834
ZQXOMIPSVVBRGV-UHFFFAOYSA-N	0.7745966692414834
ZQXOMIPSVVBRGV-UHFFFAOYSA-N	0.7435436388384631
ZQXOMIPSVVBRGV-UHFFFAOYSA-N	0.7435436388384631
ZQXOMIPSVVBRGV-UHFFFAOYSA-N	0.7509993342207435
ZQXOMIPSVVBRGV-UHFFFAOYSA-N	0.7509993342207435
ZQXOMIPSVVBRGV-UHFFFAOYSA-N	0.7745966692414834
ZQXOMIPSVVBRGV-UHFFFAOYSA-N	0.7745966692414834
ZQXOMIPSVVBRGV-UHFFFAOYSA-N	0.7435436388384631
ZQXOMIPSVVBRGV-UHFFFAOYSA-N	0.7435436388384631
ZQXOMIPSVVBRGV-UHFFFAOYSA-N	0.7745966692414834
ZQXOMIPSVVBRGV-UHFFFAOYSA-N	0.7509993342207435
ZQXOMIPSVVBRGV-UHFFFAOYSA-N	0.7509993342207435
ZQXOMIPSVVBRGV-UHFFFAOYSA-N	0.7694153624668538
ZQXOMIPSVVBRGV-UHFFFAOYSA-N	0.7694153624668538
ZQXOMIPSVVBRGV-UHFFFAOYSA-N	0.7509993342207435
ZQXOMIPSVVBRGV-UHFFFAOYSA-N	0.7509993342207435
ZQXOMIPSVVBRGV-UHFFFAOYSA-N	0.7694153624668538
ZQXOMIPSVVBRGV-UHFFFAOYSA-N	0.7694153624668538
ZQXOMIPSVVBRGV-UHFFFAOYSA-N	0.7745966692414834
ZQXOMIPSVVBRGV-UHFFFAOYSA-N	0.7435436388384631
ZQXOMIPSVVBRGV-UHFFFAOYSA-N	0.7435436388384631
ZQXOMIPSVVBRGV-UHFFFAOYSA-N	0.7435436388384631
ZQXOMIPSVVBRGV-UHFFFAOYSA-N	0.7435436388384631
ZQXOMIPSVVBRGV-UHFFFAOYSA-N	0.8660254037844386
RKYXTELYNYVQNB-UHFFFAOYSA-N	0.7432233529572064
RKYXTELYNYVQNB-UHFFFAOYSA-N	0.6130663423611301
RKYXTELYNYVQNB-UHFFFAOYSA-N	0.48445214165180484
RKYXTELYNYVQNB-UHFFFAOYSA-N	0.48445214165180484
RKYXTELYNYVQNB-UHFFFAOYSA-N	0.5005665724197295
RKYXTELYNYVQNB-UHFFFAOYSA-N	0.3626558621839956
RKYXTELYNYVQNB-UHFFFAOYSA-N	0.5120683318656708
RKYXTELYNYVQNB-UHFFFAOYSA-N	0.48445214165180484
RKYXTELYNYVQNB-UHFFFAOYSA-N	0.6130663423611301
RKYXTELYNYVQNB-UHFFFAOYSA-N	0.6130663423611301
RKYXTELYNYVQNB-UHFFFAOYSA-N	0.48445214165180484
RKYXTELYNYVQNB-UHFFFAOYSA-N	0.48445214165180484
RKYXTELYNYVQNB-UHFFFAOYSA-N	0.5005665724197295
RKYXTELYNYVQNB-UHFFFAOYSA-N	0.3595159254890833
RKYXTELYNYVQNB-UHFFFAOYSA-N	0.5120683318656708
RKYXTELYNYVQNB-UHFFFAOYSA-N	0.48445214165180484
RKYXTELYNYVQNB-UHFFFAOYSA-N	0.6130663423611301
RKYXTELYNYVQNB-UHFFFAOYSA-N	0.4347276103931003
RKYXTELYNYVQNB-UHFFFAOYSA-N	0.4347276103931003
RKYXTELYNYVQNB-UHFFFAOYSA-N	0.7071067811865476
RKYXTELYNYVQNB-UHFFFAOYSA-N	0.4558423058385518
RKYXTELYNYVQNB-UHFFFAOYSA-N	0.7071067811865476
RKYXTELYNYVQNB-UHFFFAOYSA-N	0.4347276103931003
RKYXTELYNYVQNB-UHFFFAOYSA-N	0.8660254037844386
RKYXTELYNYVQNB-UHFFFAOYSA-N	1.0
RKYXTELYNYVQNB-UHFFFAOYSA-N	0.5019802057692384
RKYXTELYNYVQNB-UHFFFAOYSA-N	0.515201027527539
RKYXTELYNYVQNB-UHFFFAOYSA-N	0.511766315719159
RKYXTELYNYVQNB-UHFFFAOYSA-N	1.0
RKYXTELYNYVQNB-UHFFFAOYSA-N	0.4347276103931003
RKYXTELYNYVQNB-UHFFFAOYSA-N	0.5019802057692384
RKYXTELYNYVQNB-UHFFFAOYSA-N	0.515201027527539
RKYXTELYNYVQNB-UHFFFAOYSA-N	0.511766315719159
RKYXTELYNYVQNB-UHFFFAOYSA-N	1.0
RKYXTELYNYVQNB-UHFFFAOYSA-N	0.4347276103931003
RKYXTELYNYVQNB-UHFFFAOYSA-N	0.5263613559678152
RKYXTELYNYVQNB-UHFFFAOYSA-N	0.816496580927726
RKYXTELYNYVQNB-UHFFFAOYSA-N	0.5019802057692384
RKYXTELYNYVQNB-UHFFFAOYSA-N	0.7071067811865476
RKYXTELYNYVQNB-UHFFFAOYSA-N	0.5367450401216932
RKYXTELYNYVQNB-UHFFFAOYSA-N	0.515201027527539
RKYXTELYNYVQNB-UHFFFAOYSA-N	0.4558423058385518
RKYXTELYNYVQNB-UHFFFAOYSA-N	0.511766315719159
RKYXTELYNYVQNB-UHFFFAOYSA-N	0.7071067811865476
RKYXTELYNYVQNB-UHFFFAOYSA-N	0.4347276103931003
MVZQNMZKBOUDCI-UHFFFAOYSA-N	0.9486832980505138
MVZQNMZKBOUDCI-UHFFFAOYSA-N	0.0
MVZQNMZKBOUDCI-UHFFFAOYSA-N	0.0
MVZQNMZKBOUDCI-UHFFFAOYSA-N	0.6376467725891872
MVZQNMZKBOUDCI-UHFFFAOYSA-N	0.0
MVZQNMZKBOUDCI-UHFFFAOYSA-N	0.5107712412492121
MVZQNMZKBOUDCI-UHFFFAOYSA-N	0.35695965997402324
MVZQNMZKBOUDCI-UHFFFAOYSA-N	0.3243154849093122
MVZQNMZKBOUDCI-UHFFFAOYSA-N	0.3243154849093122
MVZQNMZKBOUDCI-UHFFFAOYSA-N	0.0
MVZQNMZKBOUDCI-UHFFFAOYSA-N	0.0
MVZQNMZKBOUDCI-UHFFFAOYSA-N	0.6528526943364443
MVZQNMZKBOUDCI-UHFFFAOYSA-N	0.0
MVZQNMZKBOUDCI-UHFFFAOYSA-N	0.5206364096586705
MVZQNMZKBOUDCI-UHFFFAOYSA-N	0.36564960508611755
MVZQNMZKBOUDCI-UHFFFAOYSA-N	0.33048042801192623
MVZQNMZKBOUDCI-UHFFFAOYSA-N	0.33048042801192623
MVZQNMZKBOUDCI-UHFFFAOYSA-N	0.6194702821625594
MVZQNMZKBOUDCI-UHFFFAOYSA-N	0.6525520483640947
MVZQNMZKBOUDCI-UHFFFAOYSA-N	1.0
MVZQNMZKBOUDCI-UHFFFAOYSA-N	0.5349895197233178
MVZQNMZKBOUDCI-UHFFFAOYSA-N	0.37720095300413226
MVZQNMZKBOUDCI-UHFFFAOYSA-N	0.3507486200303087
MVZQNMZKBOUDCI-UHFFFAOYSA-N	0.3507486200303087
MVZQNMZKBOUDCI-UHFFFAOYSA-N	0.0
MVZQNMZKBOUDCI-UHFFFAOYSA-N	0.6194702821625594
MVZQNMZKBOUDCI-UHFFFAOYSA-N	0.0
MVZQNMZKBOUDCI-UHFFFAOYSA-N	0.0
MVZQNMZKBOUDCI-UHFFFAOYSA-N	0.0
MVZQNMZKBOUDCI-UHFFFAOYSA-N	0.0
MVZQNMZKBOUDCI-UHFFFAOYSA-N	0.6525520483640947
MVZQNMZKBOUDCI-UHFFFAOYSA-N	0.8138413004619895
MVZQNMZKBOUDCI-UHFFFAOYSA-N	0.5579314276451405
MVZQNMZKBOUDCI-UHFFFAOYSA-N	0.5163977794943222
MVZQNMZKBOUDCI-UHFFFAOYSA-N	0.5163977794943222
MVZQNMZKBOUDCI-UHFFFAOYSA-N	0.5349895197233178
MVZQNMZKBOUDCI-UHFFFAOYSA-N	0.37720095300413226
MVZQNMZKBOUDCI-UHFFFAOYSA-N	0.3507486200303087
MVZQNMZKBOUDCI-UHFFFAOYSA-N	0.3507486200303087
MVZQNMZKBOUDCI-UHFFFAOYSA-N	0.557773351022717
MVZQNMZKBOUDCI-UHFFFAOYSA-N	0.519859169360166
MVZQNMZKBOUDCI-UHFFFAOYSA-N	0.519859169360166
MVZQNMZKBOUDCI-UHFFFAOYSA-N	0.8417937871268424
MVZQNMZKBOUDCI-UHFFFAOYSA-N	0.8417937871268424
MVZQNMZKBOUDCI-UHFFFAOYSA-N	0.8451542547285166
OHWDZAOJWZFPOI-UHFFFAOYSA-N	1.0
OHWDZAOJWZFPOI-UHFFFAOYSA-N	1.0
OHWDZAOJWZFPOI-UHFFFAOYSA-N	1.0
OHWDZAOJWZFPOI-UHFFFAOYSA-N	1.0
OHWDZAOJWZFPOI-UHFFFAOYSA-N	1.0
OHWDZAOJWZFPOI-UHFFFAOYSA-N	1.0
OHWDZAOJWZFPOI-UHFFFAOYSA-N	1.0
OHWDZAOJWZFPOI-UHFFFAOYSA-N	1.0
OHWDZAOJWZFPOI-UHFFFAOYSA-N	1.0
OHWDZAOJWZFPOI-UHFFFAOYSA-N	1.0
OHWDZAOJWZFPOI-UHFFFAOYSA-N	1.0
OHWDZAOJWZFPOI-UHFFFAOYSA-N	1.0
OHWDZAOJWZFPOI-UHFFFAOYSA-N	1.0
OHWDZAOJWZFPOI-UHFFFAOYSA-N	1.0
OHWDZAOJWZFPOI-UHFFFAOYSA-N	1.0
OHWDZAOJWZFPOI-UHFFFAOYSA-N	1.0
OHWDZAOJWZFPOI-UHFFFAOYSA-N	1.0
OHWDZAOJWZFPOI-UHFFFAOYSA-N	1.0
OHWDZAOJWZFPOI-UHFFFAOYSA-N	1.0
OHWDZAOJWZFPOI-UHFFFAOYSA-N	1.0
OHWDZAOJWZFPOI-UHFFFAOYSA-N	1.0
OHWDZAOJWZFPOI-UHFFFAOYSA-N	1.0
OHWDZAOJWZFPOI-UHFFFAOYSA-N	1.0
OHWDZAOJWZFPOI-UHFFFAOYSA-N	1.0
OHWDZAOJWZFPOI-UHFFFAOYSA-N	1.0
OHWDZAOJWZFPOI-UHFFFAOYSA-N	1.0
OHWDZAOJWZFPOI-UHFFFAOYSA-N	1.0
OHWDZAOJWZFPOI-UHFFFAOYSA-N	1.0
OHWDZAOJWZFPOI-UHFFFAOYSA-N	1.0
OHWDZAOJWZFPOI-UHFFFAOYSA-N	1.0
OHWDZAOJWZFPOI-UHFFFAOYSA-N	1.0
OHWDZAOJWZFPOI-UHFFFAOYSA-N	1.0
OHWDZAOJWZFPOI-UHFFFAOYSA-N	1.0
OHWDZAOJWZFPOI-UHFFFAOYSA-N	1.0
OHWDZAOJWZFPOI-UHFFFAOYSA-N	1.0
OHWDZAOJWZFPOI-UHFFFAOYSA-N	1.0
OHWDZAOJWZFPOI-UHFFFAOYSA-N	1.0
OHWDZAOJWZFPOI-UHFFFAOYSA-N	1.0
OHWDZAOJWZFPOI-UHFFFAOYSA-N	1.0
OHWDZAOJWZFPOI-UHFFFAOYSA-N	1.0
OHWDZAOJWZFPOI-UHFFFAOYSA-N	1.0
OHWDZAOJWZFPOI-UHFFFAOYSA-N	1.0
OHWDZAOJWZFPOI-UHFFFAOYSA-N	1.0
OHWDZAOJWZFPOI-UHFFFAOYSA-N	1.0
OHWDZAOJWZFPOI-UHFFFAOYSA-N	1.0
CQKVACARDGYEMU-VWLOTQADSA-N	1.0
CQKVACARDGYEMU-VWLOTQADSA-N	0.7135195506152225
CQKVACARDGYEMU-VWLOTQADSA-N	1.0
CQKVACARDGYEMU-VWLOTQADSA-N	1.0
CQKVACARDGYEMU-VWLOTQADSA-N	0.6122872062158599
CQKVACARDGYEMU-VWLOTQADSA-N	0.5965977976651708
CQKVACARDGYEMU-VWLOTQADSA-N	0.9621404708847278
CQKVACARDGYEMU-VWLOTQADSA-N	0.7251876073796807
CQKVACARDGYEMU-VWLOTQADSA-N	0.547045938892941
CQKVACARDGYEMU-VWLOTQADSA-N	0.7135195506152225
CQKVACARDGYEMU-VWLOTQADSA-N	1.0
CQKVACARDGYEMU-VWLOTQADSA-N	1.0
CQKVACARDGYEMU-VWLOTQADSA-N	0.6122872062158599
CQKVACARDGYEMU-VWLOTQADSA-N	0.5965977976651708
CQKVACARDGYEMU-VWLOTQADSA-N	0.9621404708847278
CQKVACARDGYEMU-VWLOTQADSA-N	0.7251876073796807
CQKVACARDGYEMU-VWLOTQADSA-N	0.547045938892941
CQKVACARDGYEMU-VWLOTQADSA-N	0.7135195506152225
CQKVACARDGYEMU-VWLOTQADSA-N	0.7135195506152225
CQKVACARDGYEMU-VWLOTQADSA-N	0.8636164272021076
CQKVACARDGYEMU-VWLOTQADSA-N	0.8401875853471227
CQKVACARDGYEMU-VWLOTQADSA-N	0.7347573461783792
CQKVACARDGYEMU-VWLOTQADSA-N	0.9723448696087954
CQKVACARDGYEMU-VWLOTQADSA-N	0.6228964600958975
CQKVACARDGYEMU-VWLOTQADSA-N	1.0
CQKVACARDGYEMU-VWLOTQADSA-N	0.6122872062158599
CQKVACARDGYEMU-VWLOTQADSA-N	0.5965977976651708
CQKVACARDGYEMU-VWLOTQADSA-N	0.9621404708847278
CQKVACARDGYEMU-VWLOTQADSA-N	0.7251876073796807
CQKVACARDGYEMU-VWLOTQADSA-N	0.547045938892941
CQKVACARDGYEMU-VWLOTQADSA-N	0.6122872062158599
CQKVACARDGYEMU-VWLOTQADSA-N	0.5965977976651708
CQKVACARDGYEMU-VWLOTQADSA-N	0.9621404708847278
CQKVACARDGYEMU-VWLOTQADSA-N	0.7251876073796807
CQKVACARDGYEMU-VWLOTQADSA-N	0.547045938892941
CQKVACARDGYEMU-VWLOTQADSA-N	0.8439104656002198
CQKVACARDGYEMU-VWLOTQADSA-N	0.6302428865510513
CQKVACARDGYEMU-VWLOTQADSA-N	0.8412202536503237
CQKVACARDGYEMU-VWLOTQADSA-N	0.6251666444503684
CQKVACARDGYEMU-VWLOTQADSA-N	0.613877024133885
CQKVACARDGYEMU-VWLOTQADSA-N	0.8186084070090985
CQKVACARDGYEMU-VWLOTQADSA-N	0.6092655265093513
CQKVACARDGYEMU-VWLOTQADSA-N	0.7424691740526128
CQKVACARDGYEMU-VWLOTQADSA-N	0.5634674050636832
CQKVACARDGYEMU-VWLOTQADSA-N	0.6104036308809054
AZSRSNUQCUDCGG-UHFFFAOYSA-N	1.0
AZSRSNUQCUDCGG-UHFFFAOYSA-N	1.0
AZSRSNUQCUDCGG-UHFFFAOYSA-N	0.0
AZSRSNUQCUDCGG-UHFFFAOYSA-N	0.0
AZSRSNUQCUDCGG-UHFFFAOYSA-N	0.5773502691896257
AZSRSNUQCUDCGG-UHFFFAOYSA-N	0.5773502691896258
AZSRSNUQCUDCGG-UHFFFAOYSA-N	0.5563486402641868
AZSRSNUQCUDCGG-UHFFFAOYSA-N	0.436820290064422
AZSRSNUQCUDCGG-UHFFFAOYSA-N	1.0
AZSRSNUQCUDCGG-UHFFFAOYSA-N	0.0
AZSRSNUQCUDCGG-UHFFFAOYSA-N	0.0
AZSRSNUQCUDCGG-UHFFFAOYSA-N	0.5773502691896257
AZSRSNUQCUDCGG-UHFFFAOYSA-N	0.5773502691896258
AZSRSNUQCUDCGG-UHFFFAOYSA-N	0.5563486402641868
AZSRSNUQCUDCGG-UHFFFAOYSA-N	0.436820290064422
AZSRSNUQCUDCGG-UHFFFAOYSA-N	0.0
AZSRSNUQCUDCGG-UHFFFAOYSA-N	0.0
AZSRSNUQCUDCGG-UHFFFAOYSA-N	0.5773502691896257
AZSRSNUQCUDCGG-UHFFFAOYSA-N	0.5773502691896258
AZSRSNUQCUDCGG-UHFFFAOYSA-N	0.5563486402641868
AZSRSNUQCUDCGG-UHFFFAOYSA-N	0.436820290064422
AZSRSNUQCUDCGG-UHFFFAOYSA-N	1.0
AZSRSNUQCUDCGG-UHFFFAOYSA-N	0.0
AZSRSNUQCUDCGG-UHFFFAOYSA-N	0.0
AZSRSNUQCUDCGG-UHFFFAOYSA-N	0.0
AZSRSNUQCUDCGG-UHFFFAOYSA-N	0.0
AZSRSNUQCUDCGG-UHFFFAOYSA-N	0.0
AZSRSNUQCUDCGG-UHFFFAOYSA-N	0.0
AZSRSNUQCUDCGG-UHFFFAOYSA-N	0.0
AZSRSNUQCUDCGG-UHFFFAOYSA-N	0.0
AZSRSNUQCUDCGG-UHFFFAOYSA-N	0.9667077166981805
AZSRSNUQCUDCGG-UHFFFAOYSA-N	0.9868415319342447
AZSRSNUQCUDCGG-UHFFFAOYSA-N	0.766453508304422
AZSRSNUQCUDCGG-UHFFFAOYSA-N	0.9602207087559659
AZSRSNUQCUDCGG-UHFFFAOYSA-N	0.7475308079285486
AZSRSNUQCUDCGG-UHFFFAOYSA-N	0.7692856143892455
AVHHJLURQYHHDR-UHFFFAOYSA-N	1.0
AVHHJLURQYHHDR-UHFFFAOYSA-N	0.690596174998875
AVHHJLURQYHHDR-UHFFFAOYSA-N	0.690596174998875
AVHHJLURQYHHDR-UHFFFAOYSA-N	0.0
AVHHJLURQYHHDR-UHFFFAOYSA-N	0.0
AVHHJLURQYHHDR-UHFFFAOYSA-N	0.6036631027179437
AVHHJLURQYHHDR-UHFFFAOYSA-N	0.6036631027179437
AVHHJLURQYHHDR-UHFFFAOYSA-N	0.39903904917284905
AVHHJLURQYHHDR-UHFFFAOYSA-N	0.45548462708386084
AVHHJLURQYHHDR-UHFFFAOYSA-N	0.690596174998875
AVHHJLURQYHHDR-UHFFFAOYSA-N	0.690596174998875
AVHHJLURQYHHDR-UHFFFAOYSA-N	0.0
AVHHJLURQYHHDR-UHFFFAOYSA-N	0.0
AVHHJLURQYHHDR-UHFFFAOYSA-N	0.6036631027179437
AVHHJLURQYHHDR-UHFFFAOYSA-N	0.6036631027179437
AVHHJLURQYHHDR-UHFFFAOYSA-N	0.39903904917284905
AVHHJLURQYHHDR-UHFFFAOYSA-N	0.45548462708386084
AVHHJLURQYHHDR-UHFFFAOYSA-N	0.7071067811865476
AVHHJLURQYHHDR-UHFFFAOYSA-N	0.0
AVHHJLURQYHHDR-UHFFFAOYSA-N	0.0
AVHHJLURQYHHDR-UHFFFAOYSA-N	0.6326632443073987
AVHHJLURQYHHDR-UHFFFAOYSA-N	0.6326632443073987
AVHHJLURQYHHDR-UHFFFAOYSA-N	0.41722676958402977
AVHHJLURQYHHDR-UHFFFAOYSA-N	0.47588150909899946
AVHHJLURQYHHDR-UHFFFAOYSA-N	0.0
AVHHJLURQYHHDR-UHFFFAOYSA-N	0.0
AVHHJLURQYHHDR-UHFFFAOYSA-N	0.6326632443073987
AVHHJLURQYHHDR-UHFFFAOYSA-N	0.6326632443073987
AVHHJLURQYHHDR-UHFFFAOYSA-N	0.41722676958402977
AVHHJLURQYHHDR-UHFFFAOYSA-N	0.47588150909899946
AVHHJLURQYHHDR-UHFFFAOYSA-N	1.0
AVHHJLURQYHHDR-UHFFFAOYSA-N	0.6953534953651154
AVHHJLURQYHHDR-UHFFFAOYSA-N	0.6953534953651154
AVHHJLURQYHHDR-UHFFFAOYSA-N	0.4662524041201569
AVHHJLURQYHHDR-UHFFFAOYSA-N	0.5376472436735596
AVHHJLURQYHHDR-UHFFFAOYSA-N	0.6953534953651154
AVHHJLURQYHHDR-UHFFFAOYSA-N	0.6953534953651154
AVHHJLURQYHHDR-UHFFFAOYSA-N	0.4662524041201569
AVHHJLURQYHHDR-UHFFFAOYSA-N	0.5376472436735596
AVHHJLURQYHHDR-UHFFFAOYSA-N	1.0
AVHHJLURQYHHDR-UHFFFAOYSA-N	0.6659875487802488
AVHHJLURQYHHDR-UHFFFAOYSA-N	0.7695671017212897
AVHHJLURQYHHDR-UHFFFAOYSA-N	0.6659875487802488
AVHHJLURQYHHDR-UHFFFAOYSA-N	0.7695671017212897
AVHHJLURQYHHDR-UHFFFAOYSA-N	0.6719602757938136
ZTXVRZLOVRFPEC-UHFFFAOYSA-N	0.8064836786602292
ZTXVRZLOVRFPEC-UHFFFAOYSA-N	0.41690241399708083
ZTXVRZLOVRFPEC-UHFFFAOYSA-N	0.8064836786602292
ZTXVRZLOVRFPEC-UHFFFAOYSA-N	0.4083499288347046
ZTXVRZLOVRFPEC-UHFFFAOYSA-N	0.7323139391008151
ZTXVRZLOVRFPEC-UHFFFAOYSA-N	0.7323139391008151
ZTXVRZLOVRFPEC-UHFFFAOYSA-N	0.4149577597907173
ZTXVRZLOVRFPEC-UHFFFAOYSA-N	0.42086870585925495
ZTXVRZLOVRFPEC-UHFFFAOYSA-N	0.4179664101751246
ZTXVRZLOVRFPEC-UHFFFAOYSA-N	0.5839670089937427
ZTXVRZLOVRFPEC-UHFFFAOYSA-N	1.0
ZTXVRZLOVRFPEC-UHFFFAOYSA-N	0.5669020199673237
ZTXVRZLOVRFPEC-UHFFFAOYSA-N	0.9031233627134596
ZTXVRZLOVRFPEC-UHFFFAOYSA-N	0.9031233627134596
ZTXVRZLOVRFPEC-UHFFFAOYSA-N	0.5797074672033609
ZTXVRZLOVRFPEC-UHFFFAOYSA-N	0.6019848522892934
ZTXVRZLOVRFPEC-UHFFFAOYSA-N	0.5953302704287085
ZTXVRZLOVRFPEC-UHFFFAOYSA-N	0.5839670089937427
ZTXVRZLOVRFPEC-UHFFFAOYSA-N	0.687948418354014
ZTXVRZLOVRFPEC-UHFFFAOYSA-N	0.5337584340488556
ZTXVRZLOVRFPEC-UHFFFAOYSA-N	0.5337584340488556
ZTXVRZLOVRFPEC-UHFFFAOYSA-N	0.7057961094736555
ZTXVRZLOVRFPEC-UHFFFAOYSA-N	0.6833193845220671
ZTXVRZLOVRFPEC-UHFFFAOYSA-N	0.6547121670693797
ZTXVRZLOVRFPEC-UHFFFAOYSA-N	0.5669020199673237
ZTXVRZLOVRFPEC-UHFFFAOYSA-N	0.9031233627134596
ZTXVRZLOVRFPEC-UHFFFAOYSA-N	0.9031233627134596
ZTXVRZLOVRFPEC-UHFFFAOYSA-N	0.5797074672033609
ZTXVRZLOVRFPEC-UHFFFAOYSA-N	0.6019848522892934
ZTXVRZLOVRFPEC-UHFFFAOYSA-N	0.5953302704287085
ZTXVRZLOVRFPEC-UHFFFAOYSA-N	0.5201374051079897
ZTXVRZLOVRFPEC-UHFFFAOYSA-N	0.5201374051079897
ZTXVRZLOVRFPEC-UHFFFAOYSA-N	0.6879034920032646
ZTXVRZLOVRFPEC-UHFFFAOYSA-N	0.6660939877752956
ZTXVRZLOVRFPEC-UHFFFAOYSA-N	0.6395811579261224
ZTXVRZLOVRFPEC-UHFFFAOYSA-N	1.0
ZTXVRZLOVRFPEC-UHFFFAOYSA-N	0.5302935522738551
ZTXVRZLOVRFPEC-UHFFFAOYSA-N	0.5482407136948653
ZTXVRZLOVRFPEC-UHFFFAOYSA-N	0.6773435554632712
ZTXVRZLOVRFPEC-UHFFFAOYSA-N	0.5302935522738551
ZTXVRZLOVRFPEC-UHFFFAOYSA-N	0.5482407136948653
ZTXVRZLOVRFPEC-UHFFFAOYSA-N	0.6773435554632712
ZTXVRZLOVRFPEC-UHFFFAOYSA-N	0.6860966812671168
ZTXVRZLOVRFPEC-UHFFFAOYSA-N	0.6516711304498362
ZTXVRZLOVRFPEC-UHFFFAOYSA-N	0.6702976733700249
WEEVXEKXCIBZMB-UHFFFAOYSA-N	1.0
WEEVXEKXCIBZMB-UHFFFAOYSA-N	1.0
WEEVXEKXCIBZMB-UHFFFAOYSA-N	1.0
WEEVXEKXCIBZMB-UHFFFAOYSA-N	1.0
WEEVXEKXCIBZMB-UHFFFAOYSA-N	1.0
WEEVXEKXCIBZMB-UHFFFAOYSA-N	0.0
WEEVXEKXCIBZMB-UHFFFAOYSA-N	0.0
WEEVXEKXCIBZMB-UHFFFAOYSA-N	0.0
WEEVXEKXCIBZMB-UHFFFAOYSA-N	0.0
WEEVXEKXCIBZMB-UHFFFAOYSA-N	1.0
WEEVXEKXCIBZMB-UHFFFAOYSA-N	1.0
WEEVXEKXCIBZMB-UHFFFAOYSA-N	1.0
WEEVXEKXCIBZMB-UHFFFAOYSA-N	1.0
WEEVXEKXCIBZMB-UHFFFAOYSA-N	0.0
WEEVXEKXCIBZMB-UHFFFAOYSA-N	0.0
WEEVXEKXCIBZMB-UHFFFAOYSA-N	0.0
WEEVXEKXCIBZMB-UHFFFAOYSA-N	0.0
WEEVXEKXCIBZMB-UHFFFAOYSA-N	1.0
WEEVXEKXCIBZMB-UHFFFAOYSA-N	1.0
WEEVXEKXCIBZMB-UHFFFAOYSA-N	1.0
WEEVXEKXCIBZMB-UHFFFAOYSA-N	0.0
WEEVXEKXCIBZMB-UHFFFAOYSA-N	0.0
WEEVXEKXCIBZMB-UHFFFAOYSA-N	0.0
WEEVXEKXCIBZMB-UHFFFAOYSA-N	0.0
WEEVXEKXCIBZMB-UHFFFAOYSA-N	1.0
WEEVXEKXCIBZMB-UHFFFAOYSA-N	1.0
WEEVXEKXCIBZMB-UHFFFAOYSA-N	0.0
WEEVXEKXCIBZMB-UHFFFAOYSA-N	0.0
WEEVXEKXCIBZMB-UHFFFAOYSA-N	0.0
WEEVXEKXCIBZMB-UHFFFAOYSA-N	0.0
WEEVXEKXCIBZMB-UHFFFAOYSA-N	1.0
WEEVXEKXCIBZMB-UHFFFAOYSA-N	0.0
WEEVXEKXCIBZMB-UHFFFAOYSA-N	0.0
WEEVXEKXCIBZMB-UHFFFAOYSA-N	0.0
WEEVXEKXCIBZMB-UHFFFAOYSA-N	0.0
WEEVXEKXCIBZMB-UHFFFAOYSA-N	0.0
WEEVXEKXCIBZMB-UHFFFAOYSA-N	0.0
WEEVXEKXCIBZMB-UHFFFAOYSA-N	0.0
WEEVXEKXCIBZMB-UHFFFAOYSA-N	0.0
WEEVXEKXCIBZMB-UHFFFAOYSA-N	0.0
WEEVXEKXCIBZMB-UHFFFAOYSA-N	0.0
WEEVXEKXCIBZMB-UHFFFAOYSA-N	0.0
WEEVXEKXCIBZMB-UHFFFAOYSA-N	1.0
WEEVXEKXCIBZMB-UHFFFAOYSA-N	1.0
WEEVXEKXCIBZMB-UHFFFAOYSA-N	1.0
AKPXFSXGGFHDMR-UHFFFAOYSA-N	0.0
AKPXFSXGGFHDMR-UHFFFAOYSA-N	0.4361325947594839
AKPXFSXGGFHDMR-UHFFFAOYSA-N	0.4361325947594839
AKPXFSXGGFHDMR-UHFFFAOYSA-N	0.0
AKPXFSXGGFHDMR-UHFFFAOYSA-N	1.0
AKPXFSXGGFHDMR-UHFFFAOYSA-N	0.5426273532033236
AKPXFSXGGFHDMR-UHFFFAOYSA-N	0.5426273532033236
AKPXFSXGGFHDMR-UHFFFAOYSA-N	0.5426273532033236
AKPXFSXGGFHDMR-UHFFFAOYSA-N	0.5426273532033236
AKPXFSXGGFHDMR-UHFFFAOYSA-N	0.0
AKPXFSXGGFHDMR-UHFFFAOYSA-N	0.0
AKPXFSXGGFHDMR-UHFFFAOYSA-N	0.0
AKPXFSXGGFHDMR-UHFFFAOYSA-N	0.0
AKPXFSXGGFHDMR-UHFFFAOYSA-N	0.0
AKPXFSXGGFHDMR-UHFFFAOYSA-N	0.0
AKPXFSXGGFHDMR-UHFFFAOYSA-N	0.0
AKPXFSXGGFHDMR-UHFFFAOYSA-N	0.0
AKPXFSXGGFHDMR-UHFFFAOYSA-N	1.0
AKPXFSXGGFHDMR-UHFFFAOYSA-N	0.7961963146288554
AKPXFSXGGFHDMR-UHFFFAOYSA-N	0.4361325947594839
AKPXFSXGGFHDMR-UHFFFAOYSA-N	0.8036375634160795
AKPXFSXGGFHDMR-UHFFFAOYSA-N	0.8036375634160795
AKPXFSXGGFHDMR-UHFFFAOYSA-N	0.8036375634160795
AKPXFSXGGFHDMR-UHFFFAOYSA-N	0.8036375634160795
AKPXFSXGGFHDMR-UHFFFAOYSA-N	0.7961963146288554
AKPXFSXGGFHDMR-UHFFFAOYSA-N	0.4361325947594839
AKPXFSXGGFHDMR-UHFFFAOYSA-N	0.8036375634160795
AKPXFSXGGFHDMR-UHFFFAOYSA-N	0.8036375634160795
AKPXFSXGGFHDMR-UHFFFAOYSA-N	0.8036375634160795
AKPXFSXGGFHDMR-UHFFFAOYSA-N	0.8036375634160795
AKPXFSXGGFHDMR-UHFFFAOYSA-N	0.0
AKPXFSXGGFHDMR-UHFFFAOYSA-N	0.5590169943749475
AKPXFSXGGFHDMR-UHFFFAOYSA-N	0.5590169943749475
AKPXFSXGGFHDMR-UHFFFAOYSA-N	0.5590169943749475
AKPXFSXGGFHDMR-UHFFFAOYSA-N	0.5590169943749475
AKPXFSXGGFHDMR-UHFFFAOYSA-N	0.5426273532033236
AKPXFSXGGFHDMR-UHFFFAOYSA-N	0.5426273532033236
AKPXFSXGGFHDMR-UHFFFAOYSA-N	0.5426273532033236
AKPXFSXGGFHDMR-UHFFFAOYSA-N	0.5426273532033236
AKPXFSXGGFHDMR-UHFFFAOYSA-N	1.0
AKPXFSXGGFHDMR-UHFFFAOYSA-N	1.0
AKPXFSXGGFHDMR-UHFFFAOYSA-N	1.0
AKPXFSXGGFHDMR-UHFFFAOYSA-N	1.0
AKPXFSXGGFHDMR-UHFFFAOYSA-N	1.0
AKPXFSXGGFHDMR-UHFFFAOYSA-N	1.0
SDOBRKOODSJDMC-UHFFFAOYSA-N	0.8860022573334675
SDOBRKOODSJDMC-UHFFFAOYSA-N	0.7320324909991962
SDOBRKOODSJDMC-UHFFFAOYSA-N	0.8860022573334675
SDOBRKOODSJDMC-UHFFFAOYSA-N	0.8569047288267898
SDOBRKOODSJDMC-UHFFFAOYSA-N	0.5726945752135919
SDOBRKOODSJDMC-UHFFFAOYSA-N	0.5889782529053025
SDOBRKOODSJDMC-UHFFFAOYSA-N	0.5727569336555474
SDOBRKOODSJDMC-UHFFFAOYSA-N	0.5727569336555474
SDOBRKOODSJDMC-UHFFFAOYSA-N	0.5726945752135919
SDOBRKOODSJDMC-UHFFFAOYSA-N	0.5933118520213949
SDOBRKOODSJDMC-UHFFFAOYSA-N	1.0
SDOBRKOODSJDMC-UHFFFAOYSA-N	0.8565573396979774
SDOBRKOODSJDMC-UHFFFAOYSA-N	0.5680575621707662
SDOBRKOODSJDMC-UHFFFAOYSA-N	0.5855726960808388
SDOBRKOODSJDMC-UHFFFAOYSA-N	0.5682147176622279
SDOBRKOODSJDMC-UHFFFAOYSA-N	0.5682147176622279
SDOBRKOODSJDMC-UHFFFAOYSA-N	0.5680575621707662
SDOBRKOODSJDMC-UHFFFAOYSA-N	0.5933118520213949
SDOBRKOODSJDMC-UHFFFAOYSA-N	0.58056550192179
SDOBRKOODSJDMC-UHFFFAOYSA-N	0.5665468419963315
SDOBRKOODSJDMC-UHFFFAOYSA-N	0.5890092947061942
SDOBRKOODSJDMC-UHFFFAOYSA-N	0.5667322191384832
SDOBRKOODSJDMC-UHFFFAOYSA-N	0.5667322191384832
SDOBRKOODSJDMC-UHFFFAOYSA-N	0.5665468419963315
SDOBRKOODSJDMC-UHFFFAOYSA-N	0.8565573396979774
SDOBRKOODSJDMC-UHFFFAOYSA-N	0.5680575621707662
SDOBRKOODSJDMC-UHFFFAOYSA-N	0.5855726960808388
SDOBRKOODSJDMC-UHFFFAOYSA-N	0.5682147176622279
SDOBRKOODSJDMC-UHFFFAOYSA-N	0.5682147176622279
SDOBRKOODSJDMC-UHFFFAOYSA-N	0.5680575621707662
SDOBRKOODSJDMC-UHFFFAOYSA-N	0.571956150752694
SDOBRKOODSJDMC-UHFFFAOYSA-N	0.575348880920381
SDOBRKOODSJDMC-UHFFFAOYSA-N	0.5714355609240646
SDOBRKOODSJDMC-UHFFFAOYSA-N	0.5714355609240646
SDOBRKOODSJDMC-UHFFFAOYSA-N	0.571956150752694
SDOBRKOODSJDMC-UHFFFAOYSA-N	0.6962744862287861
SDOBRKOODSJDMC-UHFFFAOYSA-N	0.8847187534619534
SDOBRKOODSJDMC-UHFFFAOYSA-N	0.8847187534619534
SDOBRKOODSJDMC-UHFFFAOYSA-N	0.8944271909999159
SDOBRKOODSJDMC-UHFFFAOYSA-N	0.6946054503109889
SDOBRKOODSJDMC-UHFFFAOYSA-N	0.6946054503109889
SDOBRKOODSJDMC-UHFFFAOYSA-N	0.6962744862287861
SDOBRKOODSJDMC-UHFFFAOYSA-N	1.0
SDOBRKOODSJDMC-UHFFFAOYSA-N	0.8847187534619534
SDOBRKOODSJDMC-UHFFFAOYSA-N	0.8847187534619534
MGPKTKXUWSVAMY-UHFFFAOYSA-N	0.693888666488711
MGPKTKXUWSVAMY-UHFFFAOYSA-N	0.8012336167697754
MGPKTKXUWSVAMY-UHFFFAOYSA-N	0.816496580927726
MGPKTKXUWSVAMY-UHFFFAOYSA-N	0.693888666488711
MGPKTKXUWSVAMY-UHFFFAOYSA-N	0.8012336167697754
MGPKTKXUWSVAMY-UHFFFAOYSA-N	0.4932078347451186
MGPKTKXUWSVAMY-UHFFFAOYSA-N	0.4932078347451186
MGPKTKXUWSVAMY-UHFFFAOYSA-N	0.6566962768281849
MGPKTKXUWSVAMY-UHFFFAOYSA-N	0.6467869303977418
MGPKTKXUWSVAMY-UHFFFAOYSA-N	0.7071067811865476
MGPKTKXUWSVAMY-UHFFFAOYSA-N	0.693888666488711
MGPKTKXUWSVAMY-UHFFFAOYSA-N	0.8660254037844386
MGPKTKXUWSVAMY-UHFFFAOYSA-N	0.7071067811865476
MGPKTKXUWSVAMY-UHFFFAOYSA-N	0.5967282933502115
MGPKTKXUWSVAMY-UHFFFAOYSA-N	0.5967282933502115
MGPKTKXUWSVAMY-UHFFFAOYSA-N	0.7940752833047731
MGPKTKXUWSVAMY-UHFFFAOYSA-N	0.8270978836213457
MGPKTKXUWSVAMY-UHFFFAOYSA-N	0.8012336167697754
MGPKTKXUWSVAMY-UHFFFAOYSA-N	0.7071067811865476
MGPKTKXUWSVAMY-UHFFFAOYSA-N	0.816496580927726
MGPKTKXUWSVAMY-UHFFFAOYSA-N	0.48722661126328476
MGPKTKXUWSVAMY-UHFFFAOYSA-N	0.48722661126328476
MGPKTKXUWSVAMY-UHFFFAOYSA-N	0.6483597538175626
MGPKTKXUWSVAMY-UHFFFAOYSA-N	0.675322594069387
MGPKTKXUWSVAMY-UHFFFAOYSA-N	0.693888666488711
MGPKTKXUWSVAMY-UHFFFAOYSA-N	0.8012336167697754
MGPKTKXUWSVAMY-UHFFFAOYSA-N	0.4932078347451186
MGPKTKXUWSVAMY-UHFFFAOYSA-N	0.4932078347451186
MGPKTKXUWSVAMY-UHFFFAOYSA-N	0.6566962768281849
MGPKTKXUWSVAMY-UHFFFAOYSA-N	0.6467869303977418
MGPKTKXUWSVAMY-UHFFFAOYSA-N	0.7071067811865476
MGPKTKXUWSVAMY-UHFFFAOYSA-N	0.5967282933502115
MGPKTKXUWSVAMY-UHFFFAOYSA-N	0.5967282933502115
MGPKTKXUWSVAMY-UHFFFAOYSA-N	0.7940752833047731
MGPKTKXUWSVAMY-UHFFFAOYSA-N	0.8270978836213457
MGPKTKXUWSVAMY-UHFFFAOYSA-N	0.48722661126328476
MGPKTKXUWSVAMY-UHFFFAOYSA-N	0.48722661126328476
MGPKTKXUWSVAMY-UHFFFAOYSA-N	0.6483597538175626
MGPKTKXUWSVAMY-UHFFFAOYSA-N	0.675322594069387
MGPKTKXUWSVAMY-UHFFFAOYSA-N	0.7464200272921788
MGPKTKXUWSVAMY-UHFFFAOYSA-N	0.6505492185179271
MGPKTKXUWSVAMY-UHFFFAOYSA-N	0.6256425268702339
MGPKTKXUWSVAMY-UHFFFAOYSA-N	0.6505492185179271
MGPKTKXUWSVAMY-UHFFFAOYSA-N	0.6256425268702339
MGPKTKXUWSVAMY-UHFFFAOYSA-N	0.8321658488546619
JZVSKUKBCKURLB-VULHUXJZSA-N	1.0
JZVSKUKBCKURLB-VULHUXJZSA-N	0.9887062794135939
JZVSKUKBCKURLB-VULHUXJZSA-N	0.9887062794135939
JZVSKUKBCKURLB-VULHUXJZSA-N	0.9887062794135939
JZVSKUKBCKURLB-VULHUXJZSA-N	0.8497292068541021
JZVSKUKBCKURLB-VULHUXJZSA-N	0.8551511108920417
JZVSKUKBCKURLB-VULHUXJZSA-N	0.8724168218868267
JZVSKUKBCKURLB-VULHUXJZSA-N	0.8028911088466495
JZVSKUKBCKURLB-VULHUXJZSA-N	0.8028911088466495
JZVSKUKBCKURLB-VULHUXJZSA-N	0.9887062794135939
JZVSKUKBCKURLB-VULHUXJZSA-N	0.9887062794135939
JZVSKUKBCKURLB-VULHUXJZSA-N	0.9887062794135939
JZVSKUKBCKURLB-VULHUXJZSA-N	0.8497292068541021
JZVSKUKBCKURLB-VULHUXJZSA-N	0.8551511108920417
JZVSKUKBCKURLB-VULHUXJZSA-N	0.8724168218868267
JZVSKUKBCKURLB-VULHUXJZSA-N	0.8028911088466495
JZVSKUKBCKURLB-VULHUXJZSA-N	0.8028911088466495
JZVSKUKBCKURLB-VULHUXJZSA-N	1.0
JZVSKUKBCKURLB-VULHUXJZSA-N	1.0
JZVSKUKBCKURLB-VULHUXJZSA-N	0.8555269761535325
JZVSKUKBCKURLB-VULHUXJZSA-N	0.8606140631296735
JZVSKUKBCKURLB-VULHUXJZSA-N	0.8655556613360076
JZVSKUKBCKURLB-VULHUXJZSA-N	0.7962331348763892
JZVSKUKBCKURLB-VULHUXJZSA-N	0.7962331348763892
JZVSKUKBCKURLB-VULHUXJZSA-N	1.0
JZVSKUKBCKURLB-VULHUXJZSA-N	0.8555269761535325
JZVSKUKBCKURLB-VULHUXJZSA-N	0.8606140631296735
JZVSKUKBCKURLB-VULHUXJZSA-N	0.8655556613360076
JZVSKUKBCKURLB-VULHUXJZSA-N	0.7962331348763892
JZVSKUKBCKURLB-VULHUXJZSA-N	0.7962331348763892
JZVSKUKBCKURLB-VULHUXJZSA-N	0.8555269761535325
JZVSKUKBCKURLB-VULHUXJZSA-N	0.8606140631296735
JZVSKUKBCKURLB-VULHUXJZSA-N	0.8655556613360076
JZVSKUKBCKURLB-VULHUXJZSA-N	0.7962331348763892
JZVSKUKBCKURLB-VULHUXJZSA-N	0.7962331348763892
JZVSKUKBCKURLB-VULHUXJZSA-N	0.8569278830948359
JZVSKUKBCKURLB-VULHUXJZSA-N	0.7442672220923519
JZVSKUKBCKURLB-VULHUXJZSA-N	0.6436297609249465
JZVSKUKBCKURLB-VULHUXJZSA-N	0.6436297609249465
JZVSKUKBCKURLB-VULHUXJZSA-N	0.7486990311429885
JZVSKUKBCKURLB-VULHUXJZSA-N	0.6491612780201191
JZVSKUKBCKURLB-VULHUXJZSA-N	0.6491612780201191
JZVSKUKBCKURLB-VULHUXJZSA-N	0.7061079851387618
JZVSKUKBCKURLB-VULHUXJZSA-N	0.7061079851387618
JZVSKUKBCKURLB-VULHUXJZSA-N	1.0
WTCXKDSZUHYCLH-UHFFFAOYSA-N	0.5223193087733405
WTCXKDSZUHYCLH-UHFFFAOYSA-N	0.5223193087733405
WTCXKDSZUHYCLH-UHFFFAOYSA-N	0.491551192609588
WTCXKDSZUHYCLH-UHFFFAOYSA-N	0.491551192609588
WTCXKDSZUHYCLH-UHFFFAOYSA-N	0.5281207860194961
WTCXKDSZUHYCLH-UHFFFAOYSA-N	0.7894811101479396
WTCXKDSZUHYCLH-UHFFFAOYSA-N	0.6047431568147635
WTCXKDSZUHYCLH-UHFFFAOYSA-N	0.5237229365663817
WTCXKDSZUHYCLH-UHFFFAOYSA-N	0.6047431568147635
WTCXKDSZUHYCLH-UHFFFAOYSA-N	1.0
WTCXKDSZUHYCLH-UHFFFAOYSA-N	0.4870455870655955
WTCXKDSZUHYCLH-UHFFFAOYSA-N	0.4793808470023215
WTCXKDSZUHYCLH-UHFFFAOYSA-N	0.6546536707079771
WTCXKDSZUHYCLH-UHFFFAOYSA-N	0.6376627295159696
WTCXKDSZUHYCLH-UHFFFAOYSA-N	0.41518785191880603
WTCXKDSZUHYCLH-UHFFFAOYSA-N	0.5163977794943222
WTCXKDSZUHYCLH-UHFFFAOYSA-N	0.41518785191880603
WTCXKDSZUHYCLH-UHFFFAOYSA-N	0.4870455870655955
WTCXKDSZUHYCLH-UHFFFAOYSA-N	0.4793808470023215
WTCXKDSZUHYCLH-UHFFFAOYSA-N	0.6546536707079771
WTCXKDSZUHYCLH-UHFFFAOYSA-N	0.6376627295159696
WTCXKDSZUHYCLH-UHFFFAOYSA-N	0.41518785191880603
WTCXKDSZUHYCLH-UHFFFAOYSA-N	0.5163977794943222
WTCXKDSZUHYCLH-UHFFFAOYSA-N	0.41518785191880603
WTCXKDSZUHYCLH-UHFFFAOYSA-N	0.7302967433402214
WTCXKDSZUHYCLH-UHFFFAOYSA-N	0.5123475382979799
WTCXKDSZUHYCLH-UHFFFAOYSA-N	0.4898979485566356
WTCXKDSZUHYCLH-UHFFFAOYSA-N	0.6101593007521661
WTCXKDSZUHYCLH-UHFFFAOYSA-N	0.5421617783829785
WTCXKDSZUHYCLH-UHFFFAOYSA-N	0.6101593007521661
WTCXKDSZUHYCLH-UHFFFAOYSA-N	0.5065053001179939
WTCXKDSZUHYCLH-UHFFFAOYSA-N	0.4898979485566356
WTCXKDSZUHYCLH-UHFFFAOYSA-N	0.626495325199153
WTCXKDSZUHYCLH-UHFFFAOYSA-N	0.5286864661681624
WTCXKDSZUHYCLH-UHFFFAOYSA-N	0.626495325199153
WTCXKDSZUHYCLH-UHFFFAOYSA-N	0.6471089552772392
WTCXKDSZUHYCLH-UHFFFAOYSA-N	0.4321718255190715
WTCXKDSZUHYCLH-UHFFFAOYSA-N	0.5443310539518174
WTCXKDSZUHYCLH-UHFFFAOYSA-N	0.4321718255190715
WTCXKDSZUHYCLH-UHFFFAOYSA-N	0.4356912207364751
WTCXKDSZUHYCLH-UHFFFAOYSA-N	0.5381546149671018
WTCXKDSZUHYCLH-UHFFFAOYSA-N	0.4356912207364751
WTCXKDSZUHYCLH-UHFFFAOYSA-N	0.456218062591696
WTCXKDSZUHYCLH-UHFFFAOYSA-N	1.0
WTCXKDSZUHYCLH-UHFFFAOYSA-N	0.456218062591696
JFTFCBWDQAGXFZ-DGCLKSJQSA-N	0.6166871413472397
JFTFCBWDQAGXFZ-DGCLKSJQSA-N	0.6166871413472397
JFTFCBWDQAGXFZ-DGCLKSJQSA-N	0.6166871413472397
JFTFCBWDQAGXFZ-DGCLKSJQSA-N	0.8721273190343601
JFTFCBWDQAGXFZ-DGCLKSJQSA-N	0.6166871413472397
JFTFCBWDQAGXFZ-DGCLKSJQSA-N	1.0
JFTFCBWDQAGXFZ-DGCLKSJQSA-N	0.6166871413472397
JFTFCBWDQAGXFZ-DGCLKSJQSA-N	1.0
JFTFCBWDQAGXFZ-DGCLKSJQSA-N	1.0
JFTFCBWDQAGXFZ-DGCLKSJQSA-N	1.0
JFTFCBWDQAGXFZ-DGCLKSJQSA-N	1.0
JFTFCBWDQAGXFZ-DGCLKSJQSA-N	0.7071067811865476
JFTFCBWDQAGXFZ-DGCLKSJQSA-N	1.0
JFTFCBWDQAGXFZ-DGCLKSJQSA-N	0.6166871413472397
JFTFCBWDQAGXFZ-DGCLKSJQSA-N	1.0
JFTFCBWDQAGXFZ-DGCLKSJQSA-N	0.6166871413472397
JFTFCBWDQAGXFZ-DGCLKSJQSA-N	0.6166871413472397
JFTFCBWDQAGXFZ-DGCLKSJQSA-N	1.0
JFTFCBWDQAGXFZ-DGCLKSJQSA-N	0.7071067811865476
JFTFCBWDQAGXFZ-DGCLKSJQSA-N	1.0
JFTFCBWDQAGXFZ-DGCLKSJQSA-N	0.6166871413472397
JFTFCBWDQAGXFZ-DGCLKSJQSA-N	1.0
JFTFCBWDQAGXFZ-DGCLKSJQSA-N	0.6166871413472397
JFTFCBWDQAGXFZ-DGCLKSJQSA-N	0.6166871413472397
JFTFCBWDQAGXFZ-DGCLKSJQSA-N	0.7071067811865476
JFTFCBWDQAGXFZ-DGCLKSJQSA-N	1.0
JFTFCBWDQAGXFZ-DGCLKSJQSA-N	0.6166871413472397
JFTFCBWDQAGXFZ-DGCLKSJQSA-N	1.0
JFTFCBWDQAGXFZ-DGCLKSJQSA-N	0.6166871413472397
JFTFCBWDQAGXFZ-DGCLKSJQSA-N	0.6166871413472397
JFTFCBWDQAGXFZ-DGCLKSJQSA-N	0.7071067811865476
JFTFCBWDQAGXFZ-DGCLKSJQSA-N	0.8721273190343601
JFTFCBWDQAGXFZ-DGCLKSJQSA-N	0.7071067811865476
JFTFCBWDQAGXFZ-DGCLKSJQSA-N	0.8721273190343601
JFTFCBWDQAGXFZ-DGCLKSJQSA-N	0.8721273190343601
JFTFCBWDQAGXFZ-DGCLKSJQSA-N	0.6166871413472397
JFTFCBWDQAGXFZ-DGCLKSJQSA-N	1.0
JFTFCBWDQAGXFZ-DGCLKSJQSA-N	0.6166871413472397
JFTFCBWDQAGXFZ-DGCLKSJQSA-N	0.6166871413472397
JFTFCBWDQAGXFZ-DGCLKSJQSA-N	0.6166871413472397
JFTFCBWDQAGXFZ-DGCLKSJQSA-N	1.0
JFTFCBWDQAGXFZ-DGCLKSJQSA-N	1.0
JFTFCBWDQAGXFZ-DGCLKSJQSA-N	0.6166871413472397
JFTFCBWDQAGXFZ-DGCLKSJQSA-N	0.6166871413472397
JFTFCBWDQAGXFZ-DGCLKSJQSA-N	1.0
UZTLCTQPITZMOT-UHFFFAOYSA-N	0.3901736148632423
QEFKKIMKJOBAES-UHFFFAOYSA-N	1.0
QEFKKIMKJOBAES-UHFFFAOYSA-N	0.6170881409125576
QEFKKIMKJOBAES-UHFFFAOYSA-N	0.6170881409125576
QEFKKIMKJOBAES-UHFFFAOYSA-N	0.6170881409125576
QEFKKIMKJOBAES-UHFFFAOYSA-N	0.6170881409125576
QEFKKIMKJOBAES-UHFFFAOYSA-N	0.5099616914314186
QEFKKIMKJOBAES-UHFFFAOYSA-N	0.4703830580072174
QEFKKIMKJOBAES-UHFFFAOYSA-N	0.6170881409125576
QEFKKIMKJOBAES-UHFFFAOYSA-N	0.6170881409125576
QEFKKIMKJOBAES-UHFFFAOYSA-N	0.6170881409125576
QEFKKIMKJOBAES-UHFFFAOYSA-N	0.6170881409125576
QEFKKIMKJOBAES-UHFFFAOYSA-N	0.6170881409125576
QEFKKIMKJOBAES-UHFFFAOYSA-N	0.6170881409125576
QEFKKIMKJOBAES-UHFFFAOYSA-N	0.5099616914314186
QEFKKIMKJOBAES-UHFFFAOYSA-N	0.4703830580072174
QEFKKIMKJOBAES-UHFFFAOYSA-N	0.6170881409125576
QEFKKIMKJOBAES-UHFFFAOYSA-N	0.6170881409125576
QEFKKIMKJOBAES-UHFFFAOYSA-N	1.0
QEFKKIMKJOBAES-UHFFFAOYSA-N	1.0
QEFKKIMKJOBAES-UHFFFAOYSA-N	1.0
QEFKKIMKJOBAES-UHFFFAOYSA-N	0.8058975738087932
QEFKKIMKJOBAES-UHFFFAOYSA-N	0.7993052538854533
QEFKKIMKJOBAES-UHFFFAOYSA-N	1.0
QEFKKIMKJOBAES-UHFFFAOYSA-N	1.0
QEFKKIMKJOBAES-UHFFFAOYSA-N	1.0
QEFKKIMKJOBAES-UHFFFAOYSA-N	1.0
QEFKKIMKJOBAES-UHFFFAOYSA-N	0.8058975738087932
QEFKKIMKJOBAES-UHFFFAOYSA-N	0.7993052538854533
QEFKKIMKJOBAES-UHFFFAOYSA-N	1.0
QEFKKIMKJOBAES-UHFFFAOYSA-N	1.0
QEFKKIMKJOBAES-UHFFFAOYSA-N	1.0
QEFKKIMKJOBAES-UHFFFAOYSA-N	0.8058975738087932
QEFKKIMKJOBAES-UHFFFAOYSA-N	0.7993052538854533
QEFKKIMKJOBAES-UHFFFAOYSA-N	1.0
QEFKKIMKJOBAES-UHFFFAOYSA-N	1.0
QEFKKIMKJOBAES-UHFFFAOYSA-N	0.8058975738087932
QEFKKIMKJOBAES-UHFFFAOYSA-N	0.7993052538854533
QEFKKIMKJOBAES-UHFFFAOYSA-N	1.0
QEFKKIMKJOBAES-UHFFFAOYSA-N	1.0
QEFKKIMKJOBAES-UHFFFAOYSA-N	0.7925389036711066
QEFKKIMKJOBAES-UHFFFAOYSA-N	0.8058975738087932
QEFKKIMKJOBAES-UHFFFAOYSA-N	0.8058975738087932
QEFKKIMKJOBAES-UHFFFAOYSA-N	0.7993052538854533
QEFKKIMKJOBAES-UHFFFAOYSA-N	0.7993052538854533
QEFKKIMKJOBAES-UHFFFAOYSA-N	1.0
LLRICYBLVFJBJB-UHFFFAOYSA-N	1.0
LLRICYBLVFJBJB-UHFFFAOYSA-N	1.0
LLRICYBLVFJBJB-UHFFFAOYSA-N	1.0
LLRICYBLVFJBJB-UHFFFAOYSA-N	1.0
LLRICYBLVFJBJB-UHFFFAOYSA-N	1.0
LLRICYBLVFJBJB-UHFFFAOYSA-N	1.0
LLRICYBLVFJBJB-UHFFFAOYSA-N	1.0
LLRICYBLVFJBJB-UHFFFAOYSA-N	1.0
LLRICYBLVFJBJB-UHFFFAOYSA-N	1.0
LLRICYBLVFJBJB-UHFFFAOYSA-N	1.0
LLRICYBLVFJBJB-UHFFFAOYSA-N	1.0
LLRICYBLVFJBJB-UHFFFAOYSA-N	1.0
LLRICYBLVFJBJB-UHFFFAOYSA-N	1.0
LLRICYBLVFJBJB-UHFFFAOYSA-N	1.0
LLRICYBLVFJBJB-UHFFFAOYSA-N	1.0
LLRICYBLVFJBJB-UHFFFAOYSA-N	1.0
LLRICYBLVFJBJB-UHFFFAOYSA-N	1.0
LLRICYBLVFJBJB-UHFFFAOYSA-N	1.0
LLRICYBLVFJBJB-UHFFFAOYSA-N	1.0
LLRICYBLVFJBJB-UHFFFAOYSA-N	1.0
LLRICYBLVFJBJB-UHFFFAOYSA-N	1.0
LLRICYBLVFJBJB-UHFFFAOYSA-N	1.0
LLRICYBLVFJBJB-UHFFFAOYSA-N	1.0
LLRICYBLVFJBJB-UHFFFAOYSA-N	1.0
LLRICYBLVFJBJB-UHFFFAOYSA-N	1.0
LLRICYBLVFJBJB-UHFFFAOYSA-N	1.0
LLRICYBLVFJBJB-UHFFFAOYSA-N	1.0
LLRICYBLVFJBJB-UHFFFAOYSA-N	1.0
LLRICYBLVFJBJB-UHFFFAOYSA-N	1.0
LLRICYBLVFJBJB-UHFFFAOYSA-N	1.0
LLRICYBLVFJBJB-UHFFFAOYSA-N	1.0
LLRICYBLVFJBJB-UHFFFAOYSA-N	1.0
LLRICYBLVFJBJB-UHFFFAOYSA-N	1.0
LLRICYBLVFJBJB-UHFFFAOYSA-N	1.0
LLRICYBLVFJBJB-UHFFFAOYSA-N	1.0
LLRICYBLVFJBJB-UHFFFAOYSA-N	1.0
LLRICYBLVFJBJB-UHFFFAOYSA-N	1.0
LLRICYBLVFJBJB-UHFFFAOYSA-N	1.0
LLRICYBLVFJBJB-UHFFFAOYSA-N	1.0
LLRICYBLVFJBJB-UHFFFAOYSA-N	1.0
LLRICYBLVFJBJB-UHFFFAOYSA-N	1.0
LLRICYBLVFJBJB-UHFFFAOYSA-N	1.0
LLRICYBLVFJBJB-UHFFFAOYSA-N	1.0
LLRICYBLVFJBJB-UHFFFAOYSA-N	1.0
LLRICYBLVFJBJB-UHFFFAOYSA-N	1.0
DKZPZLQEPJOONY-UHFFFAOYSA-N	0.7363962328561342
DKZPZLQEPJOONY-UHFFFAOYSA-N	0.7363962328561342
DKZPZLQEPJOONY-UHFFFAOYSA-N	0.5728041333330257
DKZPZLQEPJOONY-UHFFFAOYSA-N	0.6101169126149705
DKZPZLQEPJOONY-UHFFFAOYSA-N	0.6101169126149705
DKZPZLQEPJOONY-UHFFFAOYSA-N	0.5041052503067284
DKZPZLQEPJOONY-UHFFFAOYSA-N	0.5039947372613783
DKZPZLQEPJOONY-UHFFFAOYSA-N	0.5039947372613783
DKZPZLQEPJOONY-UHFFFAOYSA-N	0.5094910256023559
DKZPZLQEPJOONY-UHFFFAOYSA-N	1.0
DKZPZLQEPJOONY-UHFFFAOYSA-N	0.7683582052342528
DKZPZLQEPJOONY-UHFFFAOYSA-N	0.8247102878123501
DKZPZLQEPJOONY-UHFFFAOYSA-N	0.8247102878123501
DKZPZLQEPJOONY-UHFFFAOYSA-N	0.6744572143113687
DKZPZLQEPJOONY-UHFFFAOYSA-N	0.6726727939963125
DKZPZLQEPJOONY-UHFFFAOYSA-N	0.6726727939963125
DKZPZLQEPJOONY-UHFFFAOYSA-N	0.6762369260033777
DKZPZLQEPJOONY-UHFFFAOYSA-N	0.7683582052342528
DKZPZLQEPJOONY-UHFFFAOYSA-N	0.8247102878123501
DKZPZLQEPJOONY-UHFFFAOYSA-N	0.8247102878123501
DKZPZLQEPJOONY-UHFFFAOYSA-N	0.6744572143113687
DKZPZLQEPJOONY-UHFFFAOYSA-N	0.6726727939963125
DKZPZLQEPJOONY-UHFFFAOYSA-N	0.6726727939963125
DKZPZLQEPJOONY-UHFFFAOYSA-N	0.6762369260033777
DKZPZLQEPJOONY-UHFFFAOYSA-N	0.742267834721092
DKZPZLQEPJOONY-UHFFFAOYSA-N	0.742267834721092
DKZPZLQEPJOONY-UHFFFAOYSA-N	0.7869070396658238
DKZPZLQEPJOONY-UHFFFAOYSA-N	0.7879075576028771
DKZPZLQEPJOONY-UHFFFAOYSA-N	0.7877964516927707
DKZPZLQEPJOONY-UHFFFAOYSA-N	0.7887958414899389
DKZPZLQEPJOONY-UHFFFAOYSA-N	0.8660254037844386
DKZPZLQEPJOONY-UHFFFAOYSA-N	0.6567895774291853
DKZPZLQEPJOONY-UHFFFAOYSA-N	0.6574168918555179
DKZPZLQEPJOONY-UHFFFAOYSA-N	0.6576473218982952
DKZPZLQEPJOONY-UHFFFAOYSA-N	0.6583736646866589
DKZPZLQEPJOONY-UHFFFAOYSA-N	0.6567895774291853
DKZPZLQEPJOONY-UHFFFAOYSA-N	0.6574168918555179
DKZPZLQEPJOONY-UHFFFAOYSA-N	0.6576473218982952
DKZPZLQEPJOONY-UHFFFAOYSA-N	0.6583736646866589
DKZPZLQEPJOONY-UHFFFAOYSA-N	0.7656383574992526
DKZPZLQEPJOONY-UHFFFAOYSA-N	0.7657856724165263
DKZPZLQEPJOONY-UHFFFAOYSA-N	0.7874630399045318
DKZPZLQEPJOONY-UHFFFAOYSA-N	0.8054031552112535
DKZPZLQEPJOONY-UHFFFAOYSA-N	0.7688057473663947
DKZPZLQEPJOONY-UHFFFAOYSA-N	0.7692982860641095
FHVMATOIMUHQRC-UHFFFAOYSA-N	0.6871842709362768
FHVMATOIMUHQRC-UHFFFAOYSA-N	0.6871842709362768
FHVMATOIMUHQRC-UHFFFAOYSA-N	0.6871842709362768
FHVMATOIMUHQRC-UHFFFAOYSA-N	0.6616127881786155
FHVMATOIMUHQRC-UHFFFAOYSA-N	0.6616127881786155
FHVMATOIMUHQRC-UHFFFAOYSA-N	0.6871842709362768
FHVMATOIMUHQRC-UHFFFAOYSA-N	0.5365433699886598
FHVMATOIMUHQRC-UHFFFAOYSA-N	0.6666666666666667
FHVMATOIMUHQRC-UHFFFAOYSA-N	0.6666666666666667
FHVMATOIMUHQRC-UHFFFAOYSA-N	1.0
FHVMATOIMUHQRC-UHFFFAOYSA-N	1.0
FHVMATOIMUHQRC-UHFFFAOYSA-N	0.669438681395203
FHVMATOIMUHQRC-UHFFFAOYSA-N	0.669438681395203
FHVMATOIMUHQRC-UHFFFAOYSA-N	1.0
FHVMATOIMUHQRC-UHFFFAOYSA-N	0.0
FHVMATOIMUHQRC-UHFFFAOYSA-N	0.9746794344808963
FHVMATOIMUHQRC-UHFFFAOYSA-N	0.9746794344808963
FHVMATOIMUHQRC-UHFFFAOYSA-N	1.0
FHVMATOIMUHQRC-UHFFFAOYSA-N	0.669438681395203
FHVMATOIMUHQRC-UHFFFAOYSA-N	0.669438681395203
FHVMATOIMUHQRC-UHFFFAOYSA-N	1.0
FHVMATOIMUHQRC-UHFFFAOYSA-N	0.0
FHVMATOIMUHQRC-UHFFFAOYSA-N	0.9746794344808963
FHVMATOIMUHQRC-UHFFFAOYSA-N	0.9746794344808963
FHVMATOIMUHQRC-UHFFFAOYSA-N	0.669438681395203
FHVMATOIMUHQRC-UHFFFAOYSA-N	0.669438681395203
FHVMATOIMUHQRC-UHFFFAOYSA-N	1.0
FHVMATOIMUHQRC-UHFFFAOYSA-N	0.0
FHVMATOIMUHQRC-UHFFFAOYSA-N	0.9746794344808963
FHVMATOIMUHQRC-UHFFFAOYSA-N	0.9746794344808963
FHVMATOIMUHQRC-UHFFFAOYSA-N	1.0
FHVMATOIMUHQRC-UHFFFAOYSA-N	0.669438681395203
FHVMATOIMUHQRC-UHFFFAOYSA-N	0.0
FHVMATOIMUHQRC-UHFFFAOYSA-N	0.6615877966667861
FHVMATOIMUHQRC-UHFFFAOYSA-N	0.6615877966667861
FHVMATOIMUHQRC-UHFFFAOYSA-N	0.669438681395203
FHVMATOIMUHQRC-UHFFFAOYSA-N	0.0
FHVMATOIMUHQRC-UHFFFAOYSA-N	0.6615877966667861
FHVMATOIMUHQRC-UHFFFAOYSA-N	0.6615877966667861
FHVMATOIMUHQRC-UHFFFAOYSA-N	0.0
FHVMATOIMUHQRC-UHFFFAOYSA-N	0.9746794344808963
FHVMATOIMUHQRC-UHFFFAOYSA-N	0.9746794344808963
FHVMATOIMUHQRC-UHFFFAOYSA-N	0.0
FHVMATOIMUHQRC-UHFFFAOYSA-N	0.0
FHVMATOIMUHQRC-UHFFFAOYSA-N	1.0
VNSQFPFWUAZOTQ-UHFFFAOYSA-N	0.8666204750669357
VNSQFPFWUAZOTQ-UHFFFAOYSA-N	0.6432795243321785
VNSQFPFWUAZOTQ-UHFFFAOYSA-N	0.7390402935940337
VNSQFPFWUAZOTQ-UHFFFAOYSA-N	0.5883559367079443
VNSQFPFWUAZOTQ-UHFFFAOYSA-N	0.4647664902282156
VNSQFPFWUAZOTQ-UHFFFAOYSA-N	0.8903018563723071
VNSQFPFWUAZOTQ-UHFFFAOYSA-N	0.7391874230518579
VNSQFPFWUAZOTQ-UHFFFAOYSA-N	0.5883559367079443
VNSQFPFWUAZOTQ-UHFFFAOYSA-N	0.7442237886677955
VNSQFPFWUAZOTQ-UHFFFAOYSA-N	0.5854341422573806
VNSQFPFWUAZOTQ-UHFFFAOYSA-N	0.8031784640387497
VNSQFPFWUAZOTQ-UHFFFAOYSA-N	0.4381860492115234
VNSQFPFWUAZOTQ-UHFFFAOYSA-N	0.5519526025710982
VNSQFPFWUAZOTQ-UHFFFAOYSA-N	0.7885538216441725
VNSQFPFWUAZOTQ-UHFFFAOYSA-N	0.6528452726461866
VNSQFPFWUAZOTQ-UHFFFAOYSA-N	0.8463650780638953
VNSQFPFWUAZOTQ-UHFFFAOYSA-N	0.5963331458040814
VNSQFPFWUAZOTQ-UHFFFAOYSA-N	0.66826684876417
VNSQFPFWUAZOTQ-UHFFFAOYSA-N	0.7026360928614446
VNSQFPFWUAZOTQ-UHFFFAOYSA-N	0.5511531921978147
VNSQFPFWUAZOTQ-UHFFFAOYSA-N	0.4762450246343902
HNVKXWVRLLBONM-UHFFFAOYSA-N	1.0
HNVKXWVRLLBONM-UHFFFAOYSA-N	0.7404807143414933
HNVKXWVRLLBONM-UHFFFAOYSA-N	0.6651853808594195
HNVKXWVRLLBONM-UHFFFAOYSA-N	0.7404807143414933
HNVKXWVRLLBONM-UHFFFAOYSA-N	0.7542089689410812
HNVKXWVRLLBONM-UHFFFAOYSA-N	0.6654925498844916
HNVKXWVRLLBONM-UHFFFAOYSA-N	0.7404807143414933
HNVKXWVRLLBONM-UHFFFAOYSA-N	0.5787423471238899
HNVKXWVRLLBONM-UHFFFAOYSA-N	0.6497085593719788
HNVKXWVRLLBONM-UHFFFAOYSA-N	0.7404807143414933
HNVKXWVRLLBONM-UHFFFAOYSA-N	0.6651853808594195
HNVKXWVRLLBONM-UHFFFAOYSA-N	0.7404807143414933
HNVKXWVRLLBONM-UHFFFAOYSA-N	0.7542089689410812
HNVKXWVRLLBONM-UHFFFAOYSA-N	0.6654925498844916
HNVKXWVRLLBONM-UHFFFAOYSA-N	0.7404807143414933
HNVKXWVRLLBONM-UHFFFAOYSA-N	0.5787423471238899
HNVKXWVRLLBONM-UHFFFAOYSA-N	0.6497085593719788
HNVKXWVRLLBONM-UHFFFAOYSA-N	0.7828039057690106
HNVKXWVRLLBONM-UHFFFAOYSA-N	0.8944271909999159
HNVKXWVRLLBONM-UHFFFAOYSA-N	0.868474735391348
HNVKXWVRLLBONM-UHFFFAOYSA-N	0.5877798083739879
HNVKXWVRLLBONM-UHFFFAOYSA-N	0.8944271909999159
HNVKXWVRLLBONM-UHFFFAOYSA-N	0.5804946390570942
HNVKXWVRLLBONM-UHFFFAOYSA-N	0.5826619513019101
HNVKXWVRLLBONM-UHFFFAOYSA-N	0.7828039057690106
HNVKXWVRLLBONM-UHFFFAOYSA-N	0.787635937708768
HNVKXWVRLLBONM-UHFFFAOYSA-N	0.6735574613050127
HNVKXWVRLLBONM-UHFFFAOYSA-N	0.7828039057690106
HNVKXWVRLLBONM-UHFFFAOYSA-N	0.6686741831389872
HNVKXWVRLLBONM-UHFFFAOYSA-N	0.6729320815581747
HNVKXWVRLLBONM-UHFFFAOYSA-N	0.868474735391348
HNVKXWVRLLBONM-UHFFFAOYSA-N	0.5877798083739879
HNVKXWVRLLBONM-UHFFFAOYSA-N	0.8944271909999159
HNVKXWVRLLBONM-UHFFFAOYSA-N	0.5804946390570942
HNVKXWVRLLBONM-UHFFFAOYSA-N	0.5826619513019101
HNVKXWVRLLBONM-UHFFFAOYSA-N	0.5885404575132198
HNVKXWVRLLBONM-UHFFFAOYSA-N	0.868474735391348
HNVKXWVRLLBONM-UHFFFAOYSA-N	0.5831720312089348
HNVKXWVRLLBONM-UHFFFAOYSA-N	0.5857690426786529
HNVKXWVRLLBONM-UHFFFAOYSA-N	0.5877798083739879
HNVKXWVRLLBONM-UHFFFAOYSA-N	0.7470722074317067
HNVKXWVRLLBONM-UHFFFAOYSA-N	0.8461141122266492
HNVKXWVRLLBONM-UHFFFAOYSA-N	0.5804946390570942
HNVKXWVRLLBONM-UHFFFAOYSA-N	0.5826619513019101
HNVKXWVRLLBONM-UHFFFAOYSA-N	0.8819620983110005
INTQQNKAQDJOOI-UHFFFAOYSA-N	1.0
INTQQNKAQDJOOI-UHFFFAOYSA-N	0.7775443160352294
INTQQNKAQDJOOI-UHFFFAOYSA-N	0.7775443160352294
INTQQNKAQDJOOI-UHFFFAOYSA-N	0.7775443160352294
INTQQNKAQDJOOI-UHFFFAOYSA-N	0.7775443160352294
INTQQNKAQDJOOI-UHFFFAOYSA-N	0.7775443160352294
INTQQNKAQDJOOI-UHFFFAOYSA-N	0.7775443160352294
INTQQNKAQDJOOI-UHFFFAOYSA-N	0.7775443160352294
INTQQNKAQDJOOI-UHFFFAOYSA-N	0.6754242946227247
INTQQNKAQDJOOI-UHFFFAOYSA-N	0.7775443160352294
INTQQNKAQDJOOI-UHFFFAOYSA-N	0.7775443160352294
INTQQNKAQDJOOI-UHFFFAOYSA-N	0.7775443160352294
INTQQNKAQDJOOI-UHFFFAOYSA-N	0.7775443160352294
INTQQNKAQDJOOI-UHFFFAOYSA-N	0.7775443160352294
INTQQNKAQDJOOI-UHFFFAOYSA-N	0.7775443160352294
INTQQNKAQDJOOI-UHFFFAOYSA-N	0.7775443160352294
INTQQNKAQDJOOI-UHFFFAOYSA-N	0.6754242946227247
INTQQNKAQDJOOI-UHFFFAOYSA-N	1.0
INTQQNKAQDJOOI-UHFFFAOYSA-N	1.0
INTQQNKAQDJOOI-UHFFFAOYSA-N	1.0
INTQQNKAQDJOOI-UHFFFAOYSA-N	1.0
INTQQNKAQDJOOI-UHFFFAOYSA-N	1.0
INTQQNKAQDJOOI-UHFFFAOYSA-N	1.0
INTQQNKAQDJOOI-UHFFFAOYSA-N	0.8343894504542135
INTQQNKAQDJOOI-UHFFFAOYSA-N	1.0
INTQQNKAQDJOOI-UHFFFAOYSA-N	1.0
INTQQNKAQDJOOI-UHFFFAOYSA-N	1.0
INTQQNKAQDJOOI-UHFFFAOYSA-N	1.0
INTQQNKAQDJOOI-UHFFFAOYSA-N	1.0
INTQQNKAQDJOOI-UHFFFAOYSA-N	0.8343894504542135
INTQQNKAQDJOOI-UHFFFAOYSA-N	1.0
INTQQNKAQDJOOI-UHFFFAOYSA-N	1.0
INTQQNKAQDJOOI-UHFFFAOYSA-N	1.0
INTQQNKAQDJOOI-UHFFFAOYSA-N	1.0
INTQQNKAQDJOOI-UHFFFAOYSA-N	0.8343894504542135
INTQQNKAQDJOOI-UHFFFAOYSA-N	1.0
INTQQNKAQDJOOI-UHFFFAOYSA-N	1.0
INTQQNKAQDJOOI-UHFFFAOYSA-N	1.0
INTQQNKAQDJOOI-UHFFFAOYSA-N	0.8343894504542135
INTQQNKAQDJOOI-UHFFFAOYSA-N	1.0
INTQQNKAQDJOOI-UHFFFAOYSA-N	1.0
INTQQNKAQDJOOI-UHFFFAOYSA-N	0.8343894504542135
INTQQNKAQDJOOI-UHFFFAOYSA-N	1.0
INTQQNKAQDJOOI-UHFFFAOYSA-N	0.8343894504542135
INTQQNKAQDJOOI-UHFFFAOYSA-N	0.8343894504542135
CZIDGRDZSFIUHX-UHFFFAOYSA-N	0.9258200997725514
CZIDGRDZSFIUHX-UHFFFAOYSA-N	0.9258200997725514
CZIDGRDZSFIUHX-UHFFFAOYSA-N	0.5274644015337543
CZIDGRDZSFIUHX-UHFFFAOYSA-N	0.5274644015337543
CZIDGRDZSFIUHX-UHFFFAOYSA-N	0.5274644015337543
CZIDGRDZSFIUHX-UHFFFAOYSA-N	0.527366049043335
CZIDGRDZSFIUHX-UHFFFAOYSA-N	0.527366049043335
CZIDGRDZSFIUHX-UHFFFAOYSA-N	0.527366049043335
CZIDGRDZSFIUHX-UHFFFAOYSA-N	0.9258200997725514
CZIDGRDZSFIUHX-UHFFFAOYSA-N	0.5274644015337543
CZIDGRDZSFIUHX-UHFFFAOYSA-N	0.5274644015337543
CZIDGRDZSFIUHX-UHFFFAOYSA-N	0.5274644015337543
CZIDGRDZSFIUHX-UHFFFAOYSA-N	0.527366049043335
CZIDGRDZSFIUHX-UHFFFAOYSA-N	0.527366049043335
CZIDGRDZSFIUHX-UHFFFAOYSA-N	0.527366049043335
CZIDGRDZSFIUHX-UHFFFAOYSA-N	0.5274644015337543
CZIDGRDZSFIUHX-UHFFFAOYSA-N	0.5274644015337543
CZIDGRDZSFIUHX-UHFFFAOYSA-N	0.5274644015337543
CZIDGRDZSFIUHX-UHFFFAOYSA-N	0.527366049043335
CZIDGRDZSFIUHX-UHFFFAOYSA-N	0.527366049043335
CZIDGRDZSFIUHX-UHFFFAOYSA-N	0.527366049043335
CZIDGRDZSFIUHX-UHFFFAOYSA-N	0.8660254037844386
CZIDGRDZSFIUHX-UHFFFAOYSA-N	0.8660254037844386
CZIDGRDZSFIUHX-UHFFFAOYSA-N	0.7722022379508467
CZIDGRDZSFIUHX-UHFFFAOYSA-N	0.7722022379508467
CZIDGRDZSFIUHX-UHFFFAOYSA-N	0.7722022379508467
CZIDGRDZSFIUHX-UHFFFAOYSA-N	0.8660254037844386
CZIDGRDZSFIUHX-UHFFFAOYSA-N	0.7722022379508467
CZIDGRDZSFIUHX-UHFFFAOYSA-N	0.7722022379508467
CZIDGRDZSFIUHX-UHFFFAOYSA-N	0.7722022379508467
CZIDGRDZSFIUHX-UHFFFAOYSA-N	0.7722022379508467
CZIDGRDZSFIUHX-UHFFFAOYSA-N	0.7722022379508467
CZIDGRDZSFIUHX-UHFFFAOYSA-N	0.7722022379508467
CZIDGRDZSFIUHX-UHFFFAOYSA-N	0.7745966692414834
CZIDGRDZSFIUHX-UHFFFAOYSA-N	0.7745966692414834
CZIDGRDZSFIUHX-UHFFFAOYSA-N	0.7745966692414834
OMISHRJQMYQPMG-UHFFFAOYSA-N	1.0
OMISHRJQMYQPMG-UHFFFAOYSA-N	1.0
OMISHRJQMYQPMG-UHFFFAOYSA-N	1.0
OMISHRJQMYQPMG-UHFFFAOYSA-N	1.0
OMISHRJQMYQPMG-UHFFFAOYSA-N	0.6454972243679028
OMISHRJQMYQPMG-UHFFFAOYSA-N	0.9424287999688639
OMISHRJQMYQPMG-UHFFFAOYSA-N	0.9424287999688639
OMISHRJQMYQPMG-UHFFFAOYSA-N	0.9424287999688639
OMISHRJQMYQPMG-UHFFFAOYSA-N	0.623404260896443
OMISHRJQMYQPMG-UHFFFAOYSA-N	1.0
OMISHRJQMYQPMG-UHFFFAOYSA-N	1.0
OMISHRJQMYQPMG-UHFFFAOYSA-N	1.0
OMISHRJQMYQPMG-UHFFFAOYSA-N	0.6454972243679028
OMISHRJQMYQPMG-UHFFFAOYSA-N	0.9424287999688639
OMISHRJQMYQPMG-UHFFFAOYSA-N	0.9424287999688639
OMISHRJQMYQPMG-UHFFFAOYSA-N	0.9424287999688639
OMISHRJQMYQPMG-UHFFFAOYSA-N	0.623404260896443
OMISHRJQMYQPMG-UHFFFAOYSA-N	1.0
OMISHRJQMYQPMG-UHFFFAOYSA-N	1.0
OMISHRJQMYQPMG-UHFFFAOYSA-N	0.6454972243679028
OMISHRJQMYQPMG-UHFFFAOYSA-N	0.9424287999688639
OMISHRJQMYQPMG-UHFFFAOYSA-N	0.9424287999688639
OMISHRJQMYQPMG-UHFFFAOYSA-N	0.9424287999688639
OMISHRJQMYQPMG-UHFFFAOYSA-N	0.623404260896443
OMISHRJQMYQPMG-UHFFFAOYSA-N	1.0
OMISHRJQMYQPMG-UHFFFAOYSA-N	0.6454972243679028
OMISHRJQMYQPMG-UHFFFAOYSA-N	0.9424287999688639
OMISHRJQMYQPMG-UHFFFAOYSA-N	0.9424287999688639
OMISHRJQMYQPMG-UHFFFAOYSA-N	0.9424287999688639
OMISHRJQMYQPMG-UHFFFAOYSA-N	0.623404260896443
OMISHRJQMYQPMG-UHFFFAOYSA-N	0.6454972243679028
OMISHRJQMYQPMG-UHFFFAOYSA-N	0.9424287999688639
OMISHRJQMYQPMG-UHFFFAOYSA-N	0.9424287999688639
OMISHRJQMYQPMG-UHFFFAOYSA-N	0.9424287999688639
OMISHRJQMYQPMG-UHFFFAOYSA-N	0.623404260896443
OMISHRJQMYQPMG-UHFFFAOYSA-N	0.6278877054701408
OMISHRJQMYQPMG-UHFFFAOYSA-N	0.6278877054701408
OMISHRJQMYQPMG-UHFFFAOYSA-N	0.6278877054701408
OMISHRJQMYQPMG-UHFFFAOYSA-N	0.9684386182036505
OMISHRJQMYQPMG-UHFFFAOYSA-N	1.0
OMISHRJQMYQPMG-UHFFFAOYSA-N	1.0
OMISHRJQMYQPMG-UHFFFAOYSA-N	0.665138208122664
OMISHRJQMYQPMG-UHFFFAOYSA-N	1.0
OMISHRJQMYQPMG-UHFFFAOYSA-N	0.665138208122664
OMISHRJQMYQPMG-UHFFFAOYSA-N	0.665138208122664
LQNNJVRJHRFWIK-UHFFFAOYSA-N	1.0
LQNNJVRJHRFWIK-UHFFFAOYSA-N	0.7071067811865476
LQNNJVRJHRFWIK-UHFFFAOYSA-N	0.6123724356957945
LQNNJVRJHRFWIK-UHFFFAOYSA-N	0.693888666488711
LQNNJVRJHRFWIK-UHFFFAOYSA-N	0.7071067811865476
LQNNJVRJHRFWIK-UHFFFAOYSA-N	0.6244997998398398
LQNNJVRJHRFWIK-UHFFFAOYSA-N	0.6123724356957945
LQNNJVRJHRFWIK-UHFFFAOYSA-N	0.6324555320336759
LQNNJVRJHRFWIK-UHFFFAOYSA-N	0.6123724356957945
LQNNJVRJHRFWIK-UHFFFAOYSA-N	0.7071067811865476
LQNNJVRJHRFWIK-UHFFFAOYSA-N	0.6123724356957945
LQNNJVRJHRFWIK-UHFFFAOYSA-N	0.693888666488711
LQNNJVRJHRFWIK-UHFFFAOYSA-N	0.7071067811865476
LQNNJVRJHRFWIK-UHFFFAOYSA-N	0.6244997998398398
LQNNJVRJHRFWIK-UHFFFAOYSA-N	0.6123724356957945
LQNNJVRJHRFWIK-UHFFFAOYSA-N	0.6324555320336759
LQNNJVRJHRFWIK-UHFFFAOYSA-N	0.6123724356957945
LQNNJVRJHRFWIK-UHFFFAOYSA-N	0.6324555320336759
LQNNJVRJHRFWIK-UHFFFAOYSA-N	0.6972166887783963
LQNNJVRJHRFWIK-UHFFFAOYSA-N	0.7071067811865476
LQNNJVRJHRFWIK-UHFFFAOYSA-N	0.6390096504226939
LQNNJVRJHRFWIK-UHFFFAOYSA-N	0.6324555320336759
LQNNJVRJHRFWIK-UHFFFAOYSA-N	0.6436503043467892
LQNNJVRJHRFWIK-UHFFFAOYSA-N	0.6324555320336759
LQNNJVRJHRFWIK-UHFFFAOYSA-N	0.9067647005823629
LQNNJVRJHRFWIK-UHFFFAOYSA-N	0.6324555320336759
LQNNJVRJHRFWIK-UHFFFAOYSA-N	0.5931152622262508
LQNNJVRJHRFWIK-UHFFFAOYSA-N	0.5783517448238059
LQNNJVRJHRFWIK-UHFFFAOYSA-N	0.6033759193073585
LQNNJVRJHRFWIK-UHFFFAOYSA-N	0.5783517448238059
LQNNJVRJHRFWIK-UHFFFAOYSA-N	0.6972166887783963
LQNNJVRJHRFWIK-UHFFFAOYSA-N	0.6324555320336759
LQNNJVRJHRFWIK-UHFFFAOYSA-N	0.6236095644623235
LQNNJVRJHRFWIK-UHFFFAOYSA-N	0.6380774695464941
LQNNJVRJHRFWIK-UHFFFAOYSA-N	0.6236095644623235
LQNNJVRJHRFWIK-UHFFFAOYSA-N	0.6390096504226939
LQNNJVRJHRFWIK-UHFFFAOYSA-N	0.6324555320336759
LQNNJVRJHRFWIK-UHFFFAOYSA-N	0.6436503043467892
LQNNJVRJHRFWIK-UHFFFAOYSA-N	0.6324555320336759
LQNNJVRJHRFWIK-UHFFFAOYSA-N	0.992831448793946
LQNNJVRJHRFWIK-UHFFFAOYSA-N	1.0
LQNNJVRJHRFWIK-UHFFFAOYSA-N	0.992831448793946
LQNNJVRJHRFWIK-UHFFFAOYSA-N	0.9874208829065749
LQNNJVRJHRFWIK-UHFFFAOYSA-N	1.0
LQNNJVRJHRFWIK-UHFFFAOYSA-N	0.9874208829065749
IKPNRMYDOSNVAU-QEJBIBHGSA-N	0.8892242107419799
IKPNRMYDOSNVAU-QEJBIBHGSA-N	0.7956108552531401
IKPNRMYDOSNVAU-QEJBIBHGSA-N	0.8892242107419799
IKPNRMYDOSNVAU-QEJBIBHGSA-N	1.0
IKPNRMYDOSNVAU-QEJBIBHGSA-N	0.903876907577734
IKPNRMYDOSNVAU-QEJBIBHGSA-N	0.8892242107419799
IKPNRMYDOSNVAU-QEJBIBHGSA-N	0.7956108552531401
IKPNRMYDOSNVAU-QEJBIBHGSA-N	0.887980912525771
IKPNRMYDOSNVAU-QEJBIBHGSA-N	0.8892242107419799
IKPNRMYDOSNVAU-QEJBIBHGSA-N	0.8682431421244592
IKPNRMYDOSNVAU-QEJBIBHGSA-N	1.0
IKPNRMYDOSNVAU-QEJBIBHGSA-N	0.8892242107419799
IKPNRMYDOSNVAU-QEJBIBHGSA-N	0.8495988358149874
IKPNRMYDOSNVAU-QEJBIBHGSA-N	1.0
IKPNRMYDOSNVAU-QEJBIBHGSA-N	0.8682431421244592
IKPNRMYDOSNVAU-QEJBIBHGSA-N	0.9096734730142612
IKPNRMYDOSNVAU-QEJBIBHGSA-N	1.0
IKPNRMYDOSNVAU-QEJBIBHGSA-N	0.8682431421244592
IKPNRMYDOSNVAU-QEJBIBHGSA-N	0.7956108552531401
IKPNRMYDOSNVAU-QEJBIBHGSA-N	0.8824895913198516
IKPNRMYDOSNVAU-QEJBIBHGSA-N	0.8682431421244592
IKPNRMYDOSNVAU-QEJBIBHGSA-N	1.0
IKPNRMYDOSNVAU-QEJBIBHGSA-N	0.7915954627354661
IKPNRMYDOSNVAU-QEJBIBHGSA-N	0.8682431421244592
IKPNRMYDOSNVAU-QEJBIBHGSA-N	0.8892242107419799
IKPNRMYDOSNVAU-QEJBIBHGSA-N	0.8495988358149874
IKPNRMYDOSNVAU-QEJBIBHGSA-N	1.0
IKPNRMYDOSNVAU-QEJBIBHGSA-N	0.8682431421244592
IKPNRMYDOSNVAU-QEJBIBHGSA-N	0.9096734730142612
IKPNRMYDOSNVAU-QEJBIBHGSA-N	1.0
IKPNRMYDOSNVAU-QEJBIBHGSA-N	0.903876907577734
IKPNRMYDOSNVAU-QEJBIBHGSA-N	0.8892242107419799
IKPNRMYDOSNVAU-QEJBIBHGSA-N	0.7956108552531401
IKPNRMYDOSNVAU-QEJBIBHGSA-N	0.887980912525771
IKPNRMYDOSNVAU-QEJBIBHGSA-N	0.8892242107419799
IKPNRMYDOSNVAU-QEJBIBHGSA-N	0.8495988358149874
IKPNRMYDOSNVAU-QEJBIBHGSA-N	0.8824895913198516
IKPNRMYDOSNVAU-QEJBIBHGSA-N	0.7757572058474497
IKPNRMYDOSNVAU-QEJBIBHGSA-N	0.8495988358149874
IKPNRMYDOSNVAU-QEJBIBHGSA-N	0.8682431421244592
IKPNRMYDOSNVAU-QEJBIBHGSA-N	0.9096734730142612
IKPNRMYDOSNVAU-QEJBIBHGSA-N	1.0
IKPNRMYDOSNVAU-QEJBIBHGSA-N	0.7915954627354661
IKPNRMYDOSNVAU-QEJBIBHGSA-N	0.8682431421244592
IKPNRMYDOSNVAU-QEJBIBHGSA-N	0.9096734730142612
JIWUBWZSJPAPIN-UHFFFAOYSA-N	0.44858114996068227
JIWUBWZSJPAPIN-UHFFFAOYSA-N	0.44858114996068227
JIWUBWZSJPAPIN-UHFFFAOYSA-N	1.0
JIWUBWZSJPAPIN-UHFFFAOYSA-N	0.6496752435470526
JIWUBWZSJPAPIN-UHFFFAOYSA-N	0.6787106512705898
JIWUBWZSJPAPIN-UHFFFAOYSA-N	0.36806880389842306
JIWUBWZSJPAPIN-UHFFFAOYSA-N	1.0
JIWUBWZSJPAPIN-UHFFFAOYSA-N	0.6787106512705898
JIWUBWZSJPAPIN-UHFFFAOYSA-N	1.0
JIWUBWZSJPAPIN-UHFFFAOYSA-N	1.0
JIWUBWZSJPAPIN-UHFFFAOYSA-N	0.44858114996068227
JIWUBWZSJPAPIN-UHFFFAOYSA-N	0.665956060673281
JIWUBWZSJPAPIN-UHFFFAOYSA-N	0.6352940144913101
JIWUBWZSJPAPIN-UHFFFAOYSA-N	0.6643487530915263
JIWUBWZSJPAPIN-UHFFFAOYSA-N	0.44858114996068227
JIWUBWZSJPAPIN-UHFFFAOYSA-N	0.6352940144913101
JIWUBWZSJPAPIN-UHFFFAOYSA-N	0.44858114996068227
JIWUBWZSJPAPIN-UHFFFAOYSA-N	0.44858114996068227
JIWUBWZSJPAPIN-UHFFFAOYSA-N	0.665956060673281
JIWUBWZSJPAPIN-UHFFFAOYSA-N	0.6352940144913101
JIWUBWZSJPAPIN-UHFFFAOYSA-N	0.6643487530915263
JIWUBWZSJPAPIN-UHFFFAOYSA-N	0.44858114996068227
JIWUBWZSJPAPIN-UHFFFAOYSA-N	0.6352940144913101
JIWUBWZSJPAPIN-UHFFFAOYSA-N	0.44858114996068227
JIWUBWZSJPAPIN-UHFFFAOYSA-N	0.6496752435470526
JIWUBWZSJPAPIN-UHFFFAOYSA-N	0.6787106512705898
JIWUBWZSJPAPIN-UHFFFAOYSA-N	0.36806880389842306
JIWUBWZSJPAPIN-UHFFFAOYSA-N	1.0
JIWUBWZSJPAPIN-UHFFFAOYSA-N	0.6787106512705898
JIWUBWZSJPAPIN-UHFFFAOYSA-N	1.0
JIWUBWZSJPAPIN-UHFFFAOYSA-N	0.6261353324525414
JIWUBWZSJPAPIN-UHFFFAOYSA-N	0.5659914490045943
JIWUBWZSJPAPIN-UHFFFAOYSA-N	0.6496752435470526
JIWUBWZSJPAPIN-UHFFFAOYSA-N	0.6261353324525414
JIWUBWZSJPAPIN-UHFFFAOYSA-N	0.6496752435470526
JIWUBWZSJPAPIN-UHFFFAOYSA-N	0.5037736384407969
JIWUBWZSJPAPIN-UHFFFAOYSA-N	0.6787106512705898
JIWUBWZSJPAPIN-UHFFFAOYSA-N	1.0
JIWUBWZSJPAPIN-UHFFFAOYSA-N	0.6787106512705898
JIWUBWZSJPAPIN-UHFFFAOYSA-N	0.36806880389842306
JIWUBWZSJPAPIN-UHFFFAOYSA-N	0.5037736384407969
JIWUBWZSJPAPIN-UHFFFAOYSA-N	0.36806880389842306
JIWUBWZSJPAPIN-UHFFFAOYSA-N	0.6787106512705898
JIWUBWZSJPAPIN-UHFFFAOYSA-N	1.0
JIWUBWZSJPAPIN-UHFFFAOYSA-N	0.6787106512705898
BYXNPBBWWSOSDA-VWLOTQADSA-N	1.0
QHQSWYIJDFMBNE-UHFFFAOYSA-N	0.0
QHQSWYIJDFMBNE-UHFFFAOYSA-N	0.0
QHQSWYIJDFMBNE-UHFFFAOYSA-N	1.0
FOROUCWBDGYYOS-NSHDSACASA-N	0.8944271909999159
FOROUCWBDGYYOS-NSHDSACASA-N	0.7673403344091778
FOROUCWBDGYYOS-NSHDSACASA-N	0.8944271909999159
FOROUCWBDGYYOS-NSHDSACASA-N	0.7673403344091778
FOROUCWBDGYYOS-NSHDSACASA-N	0.7561106378720621
FOROUCWBDGYYOS-NSHDSACASA-N	0.7427467749325956
FOROUCWBDGYYOS-NSHDSACASA-N	0.7673403344091778
FOROUCWBDGYYOS-NSHDSACASA-N	0.7397732762175697
FOROUCWBDGYYOS-NSHDSACASA-N	0.681934721974886
FOROUCWBDGYYOS-NSHDSACASA-N	0.7673403344091778
FOROUCWBDGYYOS-NSHDSACASA-N	0.8944271909999159
FOROUCWBDGYYOS-NSHDSACASA-N	0.7673403344091778
FOROUCWBDGYYOS-NSHDSACASA-N	0.7561106378720621
FOROUCWBDGYYOS-NSHDSACASA-N	0.7427467749325956
FOROUCWBDGYYOS-NSHDSACASA-N	0.7673403344091778
FOROUCWBDGYYOS-NSHDSACASA-N	0.7397732762175697
FOROUCWBDGYYOS-NSHDSACASA-N	0.681934721974886
FOROUCWBDGYYOS-NSHDSACASA-N	0.7673403344091778
FOROUCWBDGYYOS-NSHDSACASA-N	0.8944271909999159
FOROUCWBDGYYOS-NSHDSACASA-N	0.755383608244444
FOROUCWBDGYYOS-NSHDSACASA-N	0.742088923711957
FOROUCWBDGYYOS-NSHDSACASA-N	0.8944271909999159
FOROUCWBDGYYOS-NSHDSACASA-N	0.7434894990042403
FOROUCWBDGYYOS-NSHDSACASA-N	0.7907929788215973
FOROUCWBDGYYOS-NSHDSACASA-N	0.7673403344091778
FOROUCWBDGYYOS-NSHDSACASA-N	0.7561106378720621
FOROUCWBDGYYOS-NSHDSACASA-N	0.7427467749325956
FOROUCWBDGYYOS-NSHDSACASA-N	0.7673403344091778
FOROUCWBDGYYOS-NSHDSACASA-N	0.7397732762175697
FOROUCWBDGYYOS-NSHDSACASA-N	0.681934721974886
FOROUCWBDGYYOS-NSHDSACASA-N	0.755383608244444
FOROUCWBDGYYOS-NSHDSACASA-N	0.742088923711957
FOROUCWBDGYYOS-NSHDSACASA-N	0.8944271909999159
FOROUCWBDGYYOS-NSHDSACASA-N	0.7434894990042403
FOROUCWBDGYYOS-NSHDSACASA-N	0.7907929788215973
FOROUCWBDGYYOS-NSHDSACASA-N	0.7575807359143786
FOROUCWBDGYYOS-NSHDSACASA-N	0.755383608244444
FOROUCWBDGYYOS-NSHDSACASA-N	0.7452882297839846
FOROUCWBDGYYOS-NSHDSACASA-N	0.6729165088007782
FOROUCWBDGYYOS-NSHDSACASA-N	0.742088923711957
FOROUCWBDGYYOS-NSHDSACASA-N	0.7287766154542846
FOROUCWBDGYYOS-NSHDSACASA-N	0.6727071911574641
FOROUCWBDGYYOS-NSHDSACASA-N	0.7434894990042403
FOROUCWBDGYYOS-NSHDSACASA-N	0.7907929788215973
FOROUCWBDGYYOS-NSHDSACASA-N	0.6635293003149111
JJVAPHYEOZSKJZ-JGCGQSQUSA-N	0.5539940707614497
JJVAPHYEOZSKJZ-JGCGQSQUSA-N	0.8493420312734844
JJVAPHYEOZSKJZ-JGCGQSQUSA-N	0.49691240293968575
JJVAPHYEOZSKJZ-JGCGQSQUSA-N	0.6171042956422071
JJVAPHYEOZSKJZ-JGCGQSQUSA-N	0.3990065344541326
JJVAPHYEOZSKJZ-JGCGQSQUSA-N	0.6044304215158114
JJVAPHYEOZSKJZ-JGCGQSQUSA-N	0.3748672310907009
JJVAPHYEOZSKJZ-JGCGQSQUSA-N	0.8177446384454585
JJVAPHYEOZSKJZ-JGCGQSQUSA-N	0.4259147169436957
JJVAPHYEOZSKJZ-JGCGQSQUSA-N	0.5247224627142576
JJVAPHYEOZSKJZ-JGCGQSQUSA-N	0.8931400650649235
JJVAPHYEOZSKJZ-JGCGQSQUSA-N	0.26620378827858304
JJVAPHYEOZSKJZ-JGCGQSQUSA-N	0.740565228227998
JJVAPHYEOZSKJZ-JGCGQSQUSA-N	0.26295308402151363
JJVAPHYEOZSKJZ-JGCGQSQUSA-N	0.7262302475337947
JJVAPHYEOZSKJZ-JGCGQSQUSA-N	0.42298163230381813
JJVAPHYEOZSKJZ-JGCGQSQUSA-N	0.8824833022651356
JJVAPHYEOZSKJZ-JGCGQSQUSA-N	0.6123453509554866
JJVAPHYEOZSKJZ-JGCGQSQUSA-N	0.5422632939189531
JJVAPHYEOZSKJZ-JGCGQSQUSA-N	0.39656356402079956
JJVAPHYEOZSKJZ-JGCGQSQUSA-N	0.5332625228524436
JJVAPHYEOZSKJZ-JGCGQSQUSA-N	0.3730116444989413
JJVAPHYEOZSKJZ-JGCGQSQUSA-N	0.6882613945538126
JJVAPHYEOZSKJZ-JGCGQSQUSA-N	0.3991838735270966
JJVAPHYEOZSKJZ-JGCGQSQUSA-N	0.2504133203009415
JJVAPHYEOZSKJZ-JGCGQSQUSA-N	0.6930918666237222
JJVAPHYEOZSKJZ-JGCGQSQUSA-N	0.24796395740096522
JJVAPHYEOZSKJZ-JGCGQSQUSA-N	0.6824499411740839
JJVAPHYEOZSKJZ-JGCGQSQUSA-N	0.3753000843417181
JJVAPHYEOZSKJZ-JGCGQSQUSA-N	0.7797864663271177
JJVAPHYEOZSKJZ-JGCGQSQUSA-N	0.46626800365174176
JJVAPHYEOZSKJZ-JGCGQSQUSA-N	0.6743523791177128
JJVAPHYEOZSKJZ-JGCGQSQUSA-N	0.42385958094966625
JJVAPHYEOZSKJZ-JGCGQSQUSA-N	0.6162576628618507
JJVAPHYEOZSKJZ-JGCGQSQUSA-N	0.2686433552431758
JJVAPHYEOZSKJZ-JGCGQSQUSA-N	0.44570265754758137
JJVAPHYEOZSKJZ-JGCGQSQUSA-N	0.8901449145103043
JJVAPHYEOZSKJZ-JGCGQSQUSA-N	0.3990065344541326
JJVAPHYEOZSKJZ-JGCGQSQUSA-N	0.740565228227998
JJVAPHYEOZSKJZ-JGCGQSQUSA-N	0.4525141844429059
JJVAPHYEOZSKJZ-JGCGQSQUSA-N	0.657269199887267
JJVAPHYEOZSKJZ-JGCGQSQUSA-N	0.2938557590885816
JJVAPHYEOZSKJZ-JGCGQSQUSA-N	0.4155747998845129
JJVAPHYEOZSKJZ-JGCGQSQUSA-N	0.8054146822957204
JJVAPHYEOZSKJZ-JGCGQSQUSA-N	0.4550782040507479
NHVUPUQLKWAQMU-UHFFFAOYSA-N	1.0
NHVUPUQLKWAQMU-UHFFFAOYSA-N	1.0
NHVUPUQLKWAQMU-UHFFFAOYSA-N	1.0
NHVUPUQLKWAQMU-UHFFFAOYSA-N	0.8820555413475832
NHVUPUQLKWAQMU-UHFFFAOYSA-N	0.8820555413475832
NHVUPUQLKWAQMU-UHFFFAOYSA-N	0.8820555413475832
NHVUPUQLKWAQMU-UHFFFAOYSA-N	0.8820555413475832
NHVUPUQLKWAQMU-UHFFFAOYSA-N	0.8733124932748901
NHVUPUQLKWAQMU-UHFFFAOYSA-N	0.6150714296786848
NHVUPUQLKWAQMU-UHFFFAOYSA-N	1.0
NHVUPUQLKWAQMU-UHFFFAOYSA-N	1.0
NHVUPUQLKWAQMU-UHFFFAOYSA-N	0.8820555413475832
NHVUPUQLKWAQMU-UHFFFAOYSA-N	0.8820555413475832
NHVUPUQLKWAQMU-UHFFFAOYSA-N	0.8820555413475832
NHVUPUQLKWAQMU-UHFFFAOYSA-N	0.8820555413475832
NHVUPUQLKWAQMU-UHFFFAOYSA-N	0.8733124932748901
NHVUPUQLKWAQMU-UHFFFAOYSA-N	0.6150714296786848
NHVUPUQLKWAQMU-UHFFFAOYSA-N	1.0
NHVUPUQLKWAQMU-UHFFFAOYSA-N	0.8820555413475832
NHVUPUQLKWAQMU-UHFFFAOYSA-N	0.8820555413475832
NHVUPUQLKWAQMU-UHFFFAOYSA-N	0.8820555413475832
NHVUPUQLKWAQMU-UHFFFAOYSA-N	0.8820555413475832
NHVUPUQLKWAQMU-UHFFFAOYSA-N	0.8733124932748901
NHVUPUQLKWAQMU-UHFFFAOYSA-N	0.6150714296786848
NHVUPUQLKWAQMU-UHFFFAOYSA-N	0.8820555413475832
NHVUPUQLKWAQMU-UHFFFAOYSA-N	0.8820555413475832
NHVUPUQLKWAQMU-UHFFFAOYSA-N	0.8820555413475832
NHVUPUQLKWAQMU-UHFFFAOYSA-N	0.8820555413475832
NHVUPUQLKWAQMU-UHFFFAOYSA-N	0.8733124932748901
NHVUPUQLKWAQMU-UHFFFAOYSA-N	0.6150714296786848
NHVUPUQLKWAQMU-UHFFFAOYSA-N	0.8944271909999159
NHVUPUQLKWAQMU-UHFFFAOYSA-N	0.8944271909999159
NHVUPUQLKWAQMU-UHFFFAOYSA-N	0.8944271909999159
NHVUPUQLKWAQMU-UHFFFAOYSA-N	0.8652218078874752
NHVUPUQLKWAQMU-UHFFFAOYSA-N	0.6093016489389799
NHVUPUQLKWAQMU-UHFFFAOYSA-N	0.8944271909999159
NHVUPUQLKWAQMU-UHFFFAOYSA-N	0.8944271909999159
NHVUPUQLKWAQMU-UHFFFAOYSA-N	0.8652218078874752
NHVUPUQLKWAQMU-UHFFFAOYSA-N	0.6093016489389799
NHVUPUQLKWAQMU-UHFFFAOYSA-N	0.8944271909999159
NHVUPUQLKWAQMU-UHFFFAOYSA-N	0.8652218078874752
NHVUPUQLKWAQMU-UHFFFAOYSA-N	0.6093016489389799
NHVUPUQLKWAQMU-UHFFFAOYSA-N	0.8652218078874752
NHVUPUQLKWAQMU-UHFFFAOYSA-N	0.6093016489389799
NHVUPUQLKWAQMU-UHFFFAOYSA-N	0.7241337914357814
KEAPWCUSGPWISG-UHFFFAOYSA-N	1.0
KEAPWCUSGPWISG-UHFFFAOYSA-N	1.0
KEAPWCUSGPWISG-UHFFFAOYSA-N	1.0
KEAPWCUSGPWISG-UHFFFAOYSA-N	1.0
KEAPWCUSGPWISG-UHFFFAOYSA-N	1.0
KEAPWCUSGPWISG-UHFFFAOYSA-N	1.0
KEAPWCUSGPWISG-UHFFFAOYSA-N	1.0
KEAPWCUSGPWISG-UHFFFAOYSA-N	1.0
KEAPWCUSGPWISG-UHFFFAOYSA-N	1.0
KEAPWCUSGPWISG-UHFFFAOYSA-N	1.0
KEAPWCUSGPWISG-UHFFFAOYSA-N	1.0
KEAPWCUSGPWISG-UHFFFAOYSA-N	1.0
KEAPWCUSGPWISG-UHFFFAOYSA-N	1.0
KEAPWCUSGPWISG-UHFFFAOYSA-N	1.0
KEAPWCUSGPWISG-UHFFFAOYSA-N	1.0
KEAPWCUSGPWISG-UHFFFAOYSA-N	1.0
KEAPWCUSGPWISG-UHFFFAOYSA-N	1.0
KEAPWCUSGPWISG-UHFFFAOYSA-N	1.0
KEAPWCUSGPWISG-UHFFFAOYSA-N	1.0
KEAPWCUSGPWISG-UHFFFAOYSA-N	1.0
KEAPWCUSGPWISG-UHFFFAOYSA-N	1.0
KEAPWCUSGPWISG-UHFFFAOYSA-N	1.0
KEAPWCUSGPWISG-UHFFFAOYSA-N	1.0
KEAPWCUSGPWISG-UHFFFAOYSA-N	1.0
KEAPWCUSGPWISG-UHFFFAOYSA-N	1.0
KEAPWCUSGPWISG-UHFFFAOYSA-N	1.0
KEAPWCUSGPWISG-UHFFFAOYSA-N	1.0
KEAPWCUSGPWISG-UHFFFAOYSA-N	1.0
KEAPWCUSGPWISG-UHFFFAOYSA-N	1.0
KEAPWCUSGPWISG-UHFFFAOYSA-N	1.0
KEAPWCUSGPWISG-UHFFFAOYSA-N	1.0
KEAPWCUSGPWISG-UHFFFAOYSA-N	1.0
KEAPWCUSGPWISG-UHFFFAOYSA-N	1.0
KEAPWCUSGPWISG-UHFFFAOYSA-N	1.0
KEAPWCUSGPWISG-UHFFFAOYSA-N	1.0
KEAPWCUSGPWISG-UHFFFAOYSA-N	1.0
KEAPWCUSGPWISG-UHFFFAOYSA-N	1.0
KEAPWCUSGPWISG-UHFFFAOYSA-N	1.0
KEAPWCUSGPWISG-UHFFFAOYSA-N	1.0
KEAPWCUSGPWISG-UHFFFAOYSA-N	1.0
KEAPWCUSGPWISG-UHFFFAOYSA-N	1.0
KEAPWCUSGPWISG-UHFFFAOYSA-N	1.0
KEAPWCUSGPWISG-UHFFFAOYSA-N	1.0
KEAPWCUSGPWISG-UHFFFAOYSA-N	1.0
KEAPWCUSGPWISG-UHFFFAOYSA-N	1.0
BIAAFFAHROMCHN-UHFFFAOYSA-N	0.0
BIAAFFAHROMCHN-UHFFFAOYSA-N	0.0
BIAAFFAHROMCHN-UHFFFAOYSA-N	0.445533735214961
BIAAFFAHROMCHN-UHFFFAOYSA-N	0.41963271645168077
BIAAFFAHROMCHN-UHFFFAOYSA-N	0.41963271645168077
BIAAFFAHROMCHN-UHFFFAOYSA-N	0.0
BIAAFFAHROMCHN-UHFFFAOYSA-N	0.0
BIAAFFAHROMCHN-UHFFFAOYSA-N	0.0
BIAAFFAHROMCHN-UHFFFAOYSA-N	0.445533735214961
BIAAFFAHROMCHN-UHFFFAOYSA-N	0.6583153658233423
BIAAFFAHROMCHN-UHFFFAOYSA-N	0.0
BIAAFFAHROMCHN-UHFFFAOYSA-N	0.0
BIAAFFAHROMCHN-UHFFFAOYSA-N	0.0
BIAAFFAHROMCHN-UHFFFAOYSA-N	0.6614378277661477
BIAAFFAHROMCHN-UHFFFAOYSA-N	0.0
BIAAFFAHROMCHN-UHFFFAOYSA-N	0.0
BIAAFFAHROMCHN-UHFFFAOYSA-N	0.0
BIAAFFAHROMCHN-UHFFFAOYSA-N	0.0
BIAAFFAHROMCHN-UHFFFAOYSA-N	0.0
BIAAFFAHROMCHN-UHFFFAOYSA-N	0.0
BIAAFFAHROMCHN-UHFFFAOYSA-N	0.6654751256486924
BIAAFFAHROMCHN-UHFFFAOYSA-N	0.0
BIAAFFAHROMCHN-UHFFFAOYSA-N	0.0
BIAAFFAHROMCHN-UHFFFAOYSA-N	0.0
BIAAFFAHROMCHN-UHFFFAOYSA-N	0.9571227278065839
BIAAFFAHROMCHN-UHFFFAOYSA-N	0.9571227278065839
BIAAFFAHROMCHN-UHFFFAOYSA-N	0.46781240174181277
BIAAFFAHROMCHN-UHFFFAOYSA-N	0.6639217759210226
BIAAFFAHROMCHN-UHFFFAOYSA-N	0.6702275447226574
BIAAFFAHROMCHN-UHFFFAOYSA-N	1.0
BIAAFFAHROMCHN-UHFFFAOYSA-N	1.0
BIAAFFAHROMCHN-UHFFFAOYSA-N	0.44835169889898885
BIAAFFAHROMCHN-UHFFFAOYSA-N	0.6366047186171083
BIAAFFAHROMCHN-UHFFFAOYSA-N	0.6449324627919435
BIAAFFAHROMCHN-UHFFFAOYSA-N	0.9571227278065839
BIAAFFAHROMCHN-UHFFFAOYSA-N	0.44835169889898885
BIAAFFAHROMCHN-UHFFFAOYSA-N	0.6366047186171083
BIAAFFAHROMCHN-UHFFFAOYSA-N	0.6449324627919435
BIAAFFAHROMCHN-UHFFFAOYSA-N	0.9571227278065839
BIAAFFAHROMCHN-UHFFFAOYSA-N	0.6903791542503124
BIAAFFAHROMCHN-UHFFFAOYSA-N	0.5613602041128694
BIAAFFAHROMCHN-UHFFFAOYSA-N	0.46781240174181277
BIAAFFAHROMCHN-UHFFFAOYSA-N	0.8140185886245244
BIAAFFAHROMCHN-UHFFFAOYSA-N	0.6639217759210226
BIAAFFAHROMCHN-UHFFFAOYSA-N	0.6702275447226574
MWXPGVONCSFURJ-UHFFFAOYSA-N	0.0
MWXPGVONCSFURJ-UHFFFAOYSA-N	0.0
MWXPGVONCSFURJ-UHFFFAOYSA-N	1.0
AAZPIQPULVRHOW-SFKJMYEFSA-N	1.0
AAZPIQPULVRHOW-SFKJMYEFSA-N	1.0
AAZPIQPULVRHOW-SFKJMYEFSA-N	1.0
AAZPIQPULVRHOW-SFKJMYEFSA-N	0.0
AAZPIQPULVRHOW-SFKJMYEFSA-N	0.0
AAZPIQPULVRHOW-SFKJMYEFSA-N	0.0
AAZPIQPULVRHOW-SFKJMYEFSA-N	0.0
AAZPIQPULVRHOW-SFKJMYEFSA-N	0.0
AAZPIQPULVRHOW-SFKJMYEFSA-N	0.0
AAZPIQPULVRHOW-SFKJMYEFSA-N	1.0
AAZPIQPULVRHOW-SFKJMYEFSA-N	1.0
AAZPIQPULVRHOW-SFKJMYEFSA-N	0.0
AAZPIQPULVRHOW-SFKJMYEFSA-N	0.0
AAZPIQPULVRHOW-SFKJMYEFSA-N	0.0
AAZPIQPULVRHOW-SFKJMYEFSA-N	0.0
AAZPIQPULVRHOW-SFKJMYEFSA-N	0.0
AAZPIQPULVRHOW-SFKJMYEFSA-N	0.0
AAZPIQPULVRHOW-SFKJMYEFSA-N	1.0
AAZPIQPULVRHOW-SFKJMYEFSA-N	0.0
AAZPIQPULVRHOW-SFKJMYEFSA-N	0.0
AAZPIQPULVRHOW-SFKJMYEFSA-N	0.0
AAZPIQPULVRHOW-SFKJMYEFSA-N	0.0
AAZPIQPULVRHOW-SFKJMYEFSA-N	0.0
AAZPIQPULVRHOW-SFKJMYEFSA-N	0.0
AAZPIQPULVRHOW-SFKJMYEFSA-N	0.0
AAZPIQPULVRHOW-SFKJMYEFSA-N	0.0
AAZPIQPULVRHOW-SFKJMYEFSA-N	0.0
AAZPIQPULVRHOW-SFKJMYEFSA-N	0.0
AAZPIQPULVRHOW-SFKJMYEFSA-N	0.0
AAZPIQPULVRHOW-SFKJMYEFSA-N	0.0
AAZPIQPULVRHOW-SFKJMYEFSA-N	1.0
AAZPIQPULVRHOW-SFKJMYEFSA-N	0.6583826713511557
AAZPIQPULVRHOW-SFKJMYEFSA-N	0.6583826713511557
AAZPIQPULVRHOW-SFKJMYEFSA-N	0.5364083990111167
AAZPIQPULVRHOW-SFKJMYEFSA-N	0.6569634356602384
AAZPIQPULVRHOW-SFKJMYEFSA-N	0.6583826713511557
AAZPIQPULVRHOW-SFKJMYEFSA-N	0.6583826713511557
AAZPIQPULVRHOW-SFKJMYEFSA-N	0.5364083990111167
AAZPIQPULVRHOW-SFKJMYEFSA-N	0.6569634356602384
AAZPIQPULVRHOW-SFKJMYEFSA-N	1.0
AAZPIQPULVRHOW-SFKJMYEFSA-N	0.7856742013183862
AAZPIQPULVRHOW-SFKJMYEFSA-N	0.9622504486493764
AAZPIQPULVRHOW-SFKJMYEFSA-N	0.7856742013183862
AAZPIQPULVRHOW-SFKJMYEFSA-N	0.9622504486493764
AAZPIQPULVRHOW-SFKJMYEFSA-N	0.816496580927726
JDCQEVCYOJOPLE-UHFFFAOYSA-N	0.6561905825185855
JDCQEVCYOJOPLE-UHFFFAOYSA-N	1.0
JDCQEVCYOJOPLE-UHFFFAOYSA-N	0.6235116588860138
JDCQEVCYOJOPLE-UHFFFAOYSA-N	0.44900174175894253
JDCQEVCYOJOPLE-UHFFFAOYSA-N	0.408811936711476
JDCQEVCYOJOPLE-UHFFFAOYSA-N	0.6561905825185855
JDCQEVCYOJOPLE-UHFFFAOYSA-N	0.6561905825185855
JDCQEVCYOJOPLE-UHFFFAOYSA-N	0.3914610558430535
JDCQEVCYOJOPLE-UHFFFAOYSA-N	0.6561905825185855
JDCQEVCYOJOPLE-UHFFFAOYSA-N	0.6561905825185855
JDCQEVCYOJOPLE-UHFFFAOYSA-N	0.6568401110155586
JDCQEVCYOJOPLE-UHFFFAOYSA-N	0.45092859075644554
JDCQEVCYOJOPLE-UHFFFAOYSA-N	0.40274603758771615
JDCQEVCYOJOPLE-UHFFFAOYSA-N	0.9908673886137246
JDCQEVCYOJOPLE-UHFFFAOYSA-N	0.9908673886137246
JDCQEVCYOJOPLE-UHFFFAOYSA-N	0.3960805308012335
JDCQEVCYOJOPLE-UHFFFAOYSA-N	0.9908673886137246
JDCQEVCYOJOPLE-UHFFFAOYSA-N	0.6235116588860138
JDCQEVCYOJOPLE-UHFFFAOYSA-N	0.44900174175894253
JDCQEVCYOJOPLE-UHFFFAOYSA-N	0.408811936711476
JDCQEVCYOJOPLE-UHFFFAOYSA-N	0.6561905825185855
JDCQEVCYOJOPLE-UHFFFAOYSA-N	0.6561905825185855
JDCQEVCYOJOPLE-UHFFFAOYSA-N	0.3914610558430535
JDCQEVCYOJOPLE-UHFFFAOYSA-N	0.6561905825185855
JDCQEVCYOJOPLE-UHFFFAOYSA-N	0.43248366968259566
JDCQEVCYOJOPLE-UHFFFAOYSA-N	0.38063665272391517
JDCQEVCYOJOPLE-UHFFFAOYSA-N	0.6629628492756887
JDCQEVCYOJOPLE-UHFFFAOYSA-N	0.6629628492756887
JDCQEVCYOJOPLE-UHFFFAOYSA-N	0.3762908654763882
JDCQEVCYOJOPLE-UHFFFAOYSA-N	0.6629628492756887
JDCQEVCYOJOPLE-UHFFFAOYSA-N	0.8690348773547518
JDCQEVCYOJOPLE-UHFFFAOYSA-N	0.45215195669309227
JDCQEVCYOJOPLE-UHFFFAOYSA-N	0.45215195669309227
JDCQEVCYOJOPLE-UHFFFAOYSA-N	0.8632027847609435
JDCQEVCYOJOPLE-UHFFFAOYSA-N	0.45215195669309227
JDCQEVCYOJOPLE-UHFFFAOYSA-N	0.40252025118096596
JDCQEVCYOJOPLE-UHFFFAOYSA-N	0.40252025118096596
JDCQEVCYOJOPLE-UHFFFAOYSA-N	0.9591501656402286
JDCQEVCYOJOPLE-UHFFFAOYSA-N	0.40252025118096596
JDCQEVCYOJOPLE-UHFFFAOYSA-N	1.0
JDCQEVCYOJOPLE-UHFFFAOYSA-N	0.3958345382669149
JDCQEVCYOJOPLE-UHFFFAOYSA-N	1.0
JDCQEVCYOJOPLE-UHFFFAOYSA-N	0.3958345382669149
JDCQEVCYOJOPLE-UHFFFAOYSA-N	1.0
JDCQEVCYOJOPLE-UHFFFAOYSA-N	0.3958345382669149
HGCVGTDJTDDWLM-UHFFFAOYSA-N	1.0
HGCVGTDJTDDWLM-UHFFFAOYSA-N	1.0
HGCVGTDJTDDWLM-UHFFFAOYSA-N	0.5363671611312524
HGCVGTDJTDDWLM-UHFFFAOYSA-N	0.5363671611312524
HGCVGTDJTDDWLM-UHFFFAOYSA-N	0.5363671611312524
HGCVGTDJTDDWLM-UHFFFAOYSA-N	0.5305576165060312
HGCVGTDJTDDWLM-UHFFFAOYSA-N	0.5305576165060312
HGCVGTDJTDDWLM-UHFFFAOYSA-N	0.5305576165060312
HGCVGTDJTDDWLM-UHFFFAOYSA-N	0.8547043234472846
HGCVGTDJTDDWLM-UHFFFAOYSA-N	1.0
HGCVGTDJTDDWLM-UHFFFAOYSA-N	0.5363671611312524
HGCVGTDJTDDWLM-UHFFFAOYSA-N	0.5363671611312524
HGCVGTDJTDDWLM-UHFFFAOYSA-N	0.5363671611312524
HGCVGTDJTDDWLM-UHFFFAOYSA-N	0.5305576165060312
HGCVGTDJTDDWLM-UHFFFAOYSA-N	0.5305576165060312
HGCVGTDJTDDWLM-UHFFFAOYSA-N	0.5305576165060312
HGCVGTDJTDDWLM-UHFFFAOYSA-N	0.8547043234472846
HGCVGTDJTDDWLM-UHFFFAOYSA-N	0.5363671611312524
HGCVGTDJTDDWLM-UHFFFAOYSA-N	0.5363671611312524
HGCVGTDJTDDWLM-UHFFFAOYSA-N	0.5363671611312524
HGCVGTDJTDDWLM-UHFFFAOYSA-N	0.5305576165060312
HGCVGTDJTDDWLM-UHFFFAOYSA-N	0.5305576165060312
HGCVGTDJTDDWLM-UHFFFAOYSA-N	0.5305576165060312
HGCVGTDJTDDWLM-UHFFFAOYSA-N	0.8547043234472846
HGCVGTDJTDDWLM-UHFFFAOYSA-N	0.9128709291752769
HGCVGTDJTDDWLM-UHFFFAOYSA-N	0.9128709291752769
HGCVGTDJTDDWLM-UHFFFAOYSA-N	0.756008479812774
HGCVGTDJTDDWLM-UHFFFAOYSA-N	0.756008479812774
HGCVGTDJTDDWLM-UHFFFAOYSA-N	0.756008479812774
HGCVGTDJTDDWLM-UHFFFAOYSA-N	0.541034985207847
HGCVGTDJTDDWLM-UHFFFAOYSA-N	0.9128709291752769
HGCVGTDJTDDWLM-UHFFFAOYSA-N	0.756008479812774
HGCVGTDJTDDWLM-UHFFFAOYSA-N	0.756008479812774
HGCVGTDJTDDWLM-UHFFFAOYSA-N	0.756008479812774
HGCVGTDJTDDWLM-UHFFFAOYSA-N	0.541034985207847
HGCVGTDJTDDWLM-UHFFFAOYSA-N	0.756008479812774
HGCVGTDJTDDWLM-UHFFFAOYSA-N	0.756008479812774
HGCVGTDJTDDWLM-UHFFFAOYSA-N	0.756008479812774
HGCVGTDJTDDWLM-UHFFFAOYSA-N	0.541034985207847
HGCVGTDJTDDWLM-UHFFFAOYSA-N	0.9128709291752769
HGCVGTDJTDDWLM-UHFFFAOYSA-N	0.9128709291752769
HGCVGTDJTDDWLM-UHFFFAOYSA-N	0.5362981826752173
HGCVGTDJTDDWLM-UHFFFAOYSA-N	0.9128709291752769
HGCVGTDJTDDWLM-UHFFFAOYSA-N	0.5362981826752173
HGCVGTDJTDDWLM-UHFFFAOYSA-N	0.5362981826752173
SJVFAHZPLIXNDH-QFIPXVFZSA-N	1.0
SJVFAHZPLIXNDH-QFIPXVFZSA-N	1.0
SJVFAHZPLIXNDH-QFIPXVFZSA-N	0.6715507368448513
SJVFAHZPLIXNDH-QFIPXVFZSA-N	1.0
SJVFAHZPLIXNDH-QFIPXVFZSA-N	0.0
SJVFAHZPLIXNDH-QFIPXVFZSA-N	0.5030253941424768
SJVFAHZPLIXNDH-QFIPXVFZSA-N	0.6458135670599471
SJVFAHZPLIXNDH-QFIPXVFZSA-N	0.6549210399944797
SJVFAHZPLIXNDH-QFIPXVFZSA-N	1.0
SJVFAHZPLIXNDH-QFIPXVFZSA-N	1.0
SJVFAHZPLIXNDH-QFIPXVFZSA-N	0.6715507368448513
SJVFAHZPLIXNDH-QFIPXVFZSA-N	1.0
SJVFAHZPLIXNDH-QFIPXVFZSA-N	0.0
SJVFAHZPLIXNDH-QFIPXVFZSA-N	0.5030253941424768
SJVFAHZPLIXNDH-QFIPXVFZSA-N	0.6458135670599471
SJVFAHZPLIXNDH-QFIPXVFZSA-N	0.6549210399944797
SJVFAHZPLIXNDH-QFIPXVFZSA-N	1.0
SJVFAHZPLIXNDH-QFIPXVFZSA-N	0.6715507368448513
SJVFAHZPLIXNDH-QFIPXVFZSA-N	1.0
SJVFAHZPLIXNDH-QFIPXVFZSA-N	0.0
SJVFAHZPLIXNDH-QFIPXVFZSA-N	0.5030253941424768
SJVFAHZPLIXNDH-QFIPXVFZSA-N	0.6458135670599471
SJVFAHZPLIXNDH-QFIPXVFZSA-N	0.6549210399944797
SJVFAHZPLIXNDH-QFIPXVFZSA-N	1.0
SJVFAHZPLIXNDH-QFIPXVFZSA-N	0.6715507368448513
SJVFAHZPLIXNDH-QFIPXVFZSA-N	0.0
SJVFAHZPLIXNDH-QFIPXVFZSA-N	0.4990914039375817
SJVFAHZPLIXNDH-QFIPXVFZSA-N	0.6332785063987777
SJVFAHZPLIXNDH-QFIPXVFZSA-N	0.6402550043445465
SJVFAHZPLIXNDH-QFIPXVFZSA-N	0.6715507368448513
SJVFAHZPLIXNDH-QFIPXVFZSA-N	0.0
SJVFAHZPLIXNDH-QFIPXVFZSA-N	0.5030253941424768
SJVFAHZPLIXNDH-QFIPXVFZSA-N	0.6458135670599471
SJVFAHZPLIXNDH-QFIPXVFZSA-N	0.6549210399944797
SJVFAHZPLIXNDH-QFIPXVFZSA-N	1.0
SJVFAHZPLIXNDH-QFIPXVFZSA-N	0.0
SJVFAHZPLIXNDH-QFIPXVFZSA-N	0.0
SJVFAHZPLIXNDH-QFIPXVFZSA-N	0.0
SJVFAHZPLIXNDH-QFIPXVFZSA-N	0.0
SJVFAHZPLIXNDH-QFIPXVFZSA-N	0.5168897543532956
SJVFAHZPLIXNDH-QFIPXVFZSA-N	0.7664914074568325
SJVFAHZPLIXNDH-QFIPXVFZSA-N	0.5030253941424768
SJVFAHZPLIXNDH-QFIPXVFZSA-N	0.6746458766075203
SJVFAHZPLIXNDH-QFIPXVFZSA-N	0.6458135670599471
SJVFAHZPLIXNDH-QFIPXVFZSA-N	0.6549210399944797
NTOVJWIULULGGI-GFCCVEGCSA-N	0.6902093080282885
NTOVJWIULULGGI-GFCCVEGCSA-N	0.7842699567619336
NTOVJWIULULGGI-GFCCVEGCSA-N	0.7795257888527758
NTOVJWIULULGGI-GFCCVEGCSA-N	0.6562184481079029
NTOVJWIULULGGI-GFCCVEGCSA-N	0.6807128347327993
NTOVJWIULULGGI-GFCCVEGCSA-N	0.7842699567619336
NTOVJWIULULGGI-GFCCVEGCSA-N	0.5681488791506196
NTOVJWIULULGGI-GFCCVEGCSA-N	0.6121482794469523
NTOVJWIULULGGI-GFCCVEGCSA-N	0.6121482794469523
NTOVJWIULULGGI-GFCCVEGCSA-N	0.5426070388311096
NTOVJWIULULGGI-GFCCVEGCSA-N	0.5391780260662095
NTOVJWIULULGGI-GFCCVEGCSA-N	0.6752268460395018
NTOVJWIULULGGI-GFCCVEGCSA-N	0.47100638925816996
NTOVJWIULULGGI-GFCCVEGCSA-N	0.5426070388311096
NTOVJWIULULGGI-GFCCVEGCSA-N	0.3927361611631536
NTOVJWIULULGGI-GFCCVEGCSA-N	0.4328541994886176
NTOVJWIULULGGI-GFCCVEGCSA-N	0.4328541994886176
NTOVJWIULULGGI-GFCCVEGCSA-N	0.7928249671720918
NTOVJWIULULGGI-GFCCVEGCSA-N	0.5170615197234292
NTOVJWIULULGGI-GFCCVEGCSA-N	0.861595577272487
NTOVJWIULULGGI-GFCCVEGCSA-N	1.0
NTOVJWIULULGGI-GFCCVEGCSA-N	0.5584296838848306
NTOVJWIULULGGI-GFCCVEGCSA-N	0.5995215837867136
NTOVJWIULULGGI-GFCCVEGCSA-N	0.5995215837867136
NTOVJWIULULGGI-GFCCVEGCSA-N	0.5115905682779898
NTOVJWIULULGGI-GFCCVEGCSA-N	0.6831300510639732
NTOVJWIULULGGI-GFCCVEGCSA-N	0.7928249671720918
NTOVJWIULULGGI-GFCCVEGCSA-N	0.6836660496172582
NTOVJWIULULGGI-GFCCVEGCSA-N	0.5992771388373572
NTOVJWIULULGGI-GFCCVEGCSA-N	0.5992771388373572
NTOVJWIULULGGI-GFCCVEGCSA-N	0.44904157659163674
NTOVJWIULULGGI-GFCCVEGCSA-N	0.5170615197234292
NTOVJWIULULGGI-GFCCVEGCSA-N	0.3715853662081328
NTOVJWIULULGGI-GFCCVEGCSA-N	0.4117331108732597
NTOVJWIULULGGI-GFCCVEGCSA-N	0.4117331108732597
NTOVJWIULULGGI-GFCCVEGCSA-N	0.861595577272487
NTOVJWIULULGGI-GFCCVEGCSA-N	0.5553601609990659
NTOVJWIULULGGI-GFCCVEGCSA-N	0.5960902325349454
NTOVJWIULULGGI-GFCCVEGCSA-N	0.5960902325349454
NTOVJWIULULGGI-GFCCVEGCSA-N	0.5584296838848306
NTOVJWIULULGGI-GFCCVEGCSA-N	0.5995215837867136
NTOVJWIULULGGI-GFCCVEGCSA-N	0.5995215837867136
NTOVJWIULULGGI-GFCCVEGCSA-N	0.6887824738597058
NTOVJWIULULGGI-GFCCVEGCSA-N	0.6887824738597058
NTOVJWIULULGGI-GFCCVEGCSA-N	0.8944271909999159
OVHHLJFHCUVHRI-UHFFFAOYSA-N	0.8403868156985805
OVHHLJFHCUVHRI-UHFFFAOYSA-N	0.6557892373388906
OVHHLJFHCUVHRI-UHFFFAOYSA-N	0.8456823111716193
GTVLCHCOKLXHLY-UHFFFAOYSA-N	1.0
GTVLCHCOKLXHLY-UHFFFAOYSA-N	0.7866907361008706
GTVLCHCOKLXHLY-UHFFFAOYSA-N	0.7866907361008706
GTVLCHCOKLXHLY-UHFFFAOYSA-N	0.5492980930803678
GTVLCHCOKLXHLY-UHFFFAOYSA-N	0.6841748592978538
GTVLCHCOKLXHLY-UHFFFAOYSA-N	0.6841748592978538
GTVLCHCOKLXHLY-UHFFFAOYSA-N	0.7855170507614949
GTVLCHCOKLXHLY-UHFFFAOYSA-N	0.9508166424614681
GTVLCHCOKLXHLY-UHFFFAOYSA-N	0.9508166424614681
GTVLCHCOKLXHLY-UHFFFAOYSA-N	0.7866907361008706
GTVLCHCOKLXHLY-UHFFFAOYSA-N	0.7866907361008706
GTVLCHCOKLXHLY-UHFFFAOYSA-N	0.5492980930803678
GTVLCHCOKLXHLY-UHFFFAOYSA-N	0.6841748592978538
GTVLCHCOKLXHLY-UHFFFAOYSA-N	0.6841748592978538
GTVLCHCOKLXHLY-UHFFFAOYSA-N	0.7855170507614949
GTVLCHCOKLXHLY-UHFFFAOYSA-N	0.9508166424614681
GTVLCHCOKLXHLY-UHFFFAOYSA-N	0.9508166424614681
GTVLCHCOKLXHLY-UHFFFAOYSA-N	1.0
GTVLCHCOKLXHLY-UHFFFAOYSA-N	0.8087602039086744
GTVLCHCOKLXHLY-UHFFFAOYSA-N	0.8650451823002162
GTVLCHCOKLXHLY-UHFFFAOYSA-N	0.8650451823002162
GTVLCHCOKLXHLY-UHFFFAOYSA-N	0.9987171258348869
GTVLCHCOKLXHLY-UHFFFAOYSA-N	0.7500449682066803
GTVLCHCOKLXHLY-UHFFFAOYSA-N	0.7500449682066803
GTVLCHCOKLXHLY-UHFFFAOYSA-N	0.8087602039086744
GTVLCHCOKLXHLY-UHFFFAOYSA-N	0.8650451823002162
GTVLCHCOKLXHLY-UHFFFAOYSA-N	0.8650451823002162
GTVLCHCOKLXHLY-UHFFFAOYSA-N	0.9987171258348869
GTVLCHCOKLXHLY-UHFFFAOYSA-N	0.7500449682066803
GTVLCHCOKLXHLY-UHFFFAOYSA-N	0.7500449682066803
GTVLCHCOKLXHLY-UHFFFAOYSA-N	0.7016844811673628
GTVLCHCOKLXHLY-UHFFFAOYSA-N	0.7016844811673628
GTVLCHCOKLXHLY-UHFFFAOYSA-N	0.8093370466168314
GTVLCHCOKLXHLY-UHFFFAOYSA-N	0.522361898363532
GTVLCHCOKLXHLY-UHFFFAOYSA-N	0.522361898363532
GTVLCHCOKLXHLY-UHFFFAOYSA-N	0.8660254037844386
GTVLCHCOKLXHLY-UHFFFAOYSA-N	0.8660254037844386
GTVLCHCOKLXHLY-UHFFFAOYSA-N	0.6564220398640697
GTVLCHCOKLXHLY-UHFFFAOYSA-N	0.6564220398640697
GTVLCHCOKLXHLY-UHFFFAOYSA-N	0.8660254037844386
GTVLCHCOKLXHLY-UHFFFAOYSA-N	0.6564220398640697
GTVLCHCOKLXHLY-UHFFFAOYSA-N	0.6564220398640697
GTVLCHCOKLXHLY-UHFFFAOYSA-N	0.7468372608784878
GTVLCHCOKLXHLY-UHFFFAOYSA-N	0.7468372608784878
GTVLCHCOKLXHLY-UHFFFAOYSA-N	1.0
LNJJWYXXKNGHHM-IYBDPMFKSA-N	1.0
LNJJWYXXKNGHHM-IYBDPMFKSA-N	1.0
LNJJWYXXKNGHHM-IYBDPMFKSA-N	1.0
LNJJWYXXKNGHHM-IYBDPMFKSA-N	1.0
LNJJWYXXKNGHHM-IYBDPMFKSA-N	1.0
LNJJWYXXKNGHHM-IYBDPMFKSA-N	0.8411222449894207
LNJJWYXXKNGHHM-IYBDPMFKSA-N	0.8411222449894207
LNJJWYXXKNGHHM-IYBDPMFKSA-N	0.8411222449894207
LNJJWYXXKNGHHM-IYBDPMFKSA-N	0.8411222449894207
LNJJWYXXKNGHHM-IYBDPMFKSA-N	1.0
LNJJWYXXKNGHHM-IYBDPMFKSA-N	1.0
LNJJWYXXKNGHHM-IYBDPMFKSA-N	1.0
LNJJWYXXKNGHHM-IYBDPMFKSA-N	1.0
LNJJWYXXKNGHHM-IYBDPMFKSA-N	0.8411222449894207
LNJJWYXXKNGHHM-IYBDPMFKSA-N	0.8411222449894207
LNJJWYXXKNGHHM-IYBDPMFKSA-N	0.8411222449894207
LNJJWYXXKNGHHM-IYBDPMFKSA-N	0.8411222449894207
LNJJWYXXKNGHHM-IYBDPMFKSA-N	1.0
LNJJWYXXKNGHHM-IYBDPMFKSA-N	1.0
LNJJWYXXKNGHHM-IYBDPMFKSA-N	1.0
LNJJWYXXKNGHHM-IYBDPMFKSA-N	0.8411222449894207
LNJJWYXXKNGHHM-IYBDPMFKSA-N	0.8411222449894207
LNJJWYXXKNGHHM-IYBDPMFKSA-N	0.8411222449894207
LNJJWYXXKNGHHM-IYBDPMFKSA-N	0.8411222449894207
LNJJWYXXKNGHHM-IYBDPMFKSA-N	1.0
LNJJWYXXKNGHHM-IYBDPMFKSA-N	1.0
LNJJWYXXKNGHHM-IYBDPMFKSA-N	0.8411222449894207
LNJJWYXXKNGHHM-IYBDPMFKSA-N	0.8411222449894207
LNJJWYXXKNGHHM-IYBDPMFKSA-N	0.8411222449894207
LNJJWYXXKNGHHM-IYBDPMFKSA-N	0.8411222449894207
LNJJWYXXKNGHHM-IYBDPMFKSA-N	1.0
LNJJWYXXKNGHHM-IYBDPMFKSA-N	0.8411222449894207
LNJJWYXXKNGHHM-IYBDPMFKSA-N	0.8411222449894207
LNJJWYXXKNGHHM-IYBDPMFKSA-N	0.8411222449894207
LNJJWYXXKNGHHM-IYBDPMFKSA-N	0.8411222449894207
LNJJWYXXKNGHHM-IYBDPMFKSA-N	0.8411222449894207
LNJJWYXXKNGHHM-IYBDPMFKSA-N	0.8411222449894207
LNJJWYXXKNGHHM-IYBDPMFKSA-N	0.8411222449894207
LNJJWYXXKNGHHM-IYBDPMFKSA-N	0.8411222449894207
LNJJWYXXKNGHHM-IYBDPMFKSA-N	1.0
LNJJWYXXKNGHHM-IYBDPMFKSA-N	1.0
LNJJWYXXKNGHHM-IYBDPMFKSA-N	1.0
LNJJWYXXKNGHHM-IYBDPMFKSA-N	1.0
LNJJWYXXKNGHHM-IYBDPMFKSA-N	1.0
LNJJWYXXKNGHHM-IYBDPMFKSA-N	1.0
LYPSYIWSZQVHAB-UHFFFAOYSA-N	1.0
LYPSYIWSZQVHAB-UHFFFAOYSA-N	0.0
LYPSYIWSZQVHAB-UHFFFAOYSA-N	0.0
LYPSYIWSZQVHAB-UHFFFAOYSA-N	0.0
LYPSYIWSZQVHAB-UHFFFAOYSA-N	0.0
LYPSYIWSZQVHAB-UHFFFAOYSA-N	0.0
LYPSYIWSZQVHAB-UHFFFAOYSA-N	0.0
LYPSYIWSZQVHAB-UHFFFAOYSA-N	1.0
LYPSYIWSZQVHAB-UHFFFAOYSA-N	0.0
LYPSYIWSZQVHAB-UHFFFAOYSA-N	0.0
LYPSYIWSZQVHAB-UHFFFAOYSA-N	0.0
LYPSYIWSZQVHAB-UHFFFAOYSA-N	0.0
LYPSYIWSZQVHAB-UHFFFAOYSA-N	0.0
LYPSYIWSZQVHAB-UHFFFAOYSA-N	0.0
LYPSYIWSZQVHAB-UHFFFAOYSA-N	0.0
LYPSYIWSZQVHAB-UHFFFAOYSA-N	1.0
LYPSYIWSZQVHAB-UHFFFAOYSA-N	0.0
LYPSYIWSZQVHAB-UHFFFAOYSA-N	1.0
LYPSYIWSZQVHAB-UHFFFAOYSA-N	1.0
LYPSYIWSZQVHAB-UHFFFAOYSA-N	1.0
LYPSYIWSZQVHAB-UHFFFAOYSA-N	0.7378647873726218
LYPSYIWSZQVHAB-UHFFFAOYSA-N	0.7416198487095662
LYPSYIWSZQVHAB-UHFFFAOYSA-N	0.0
LYPSYIWSZQVHAB-UHFFFAOYSA-N	0.7416198487095662
LYPSYIWSZQVHAB-UHFFFAOYSA-N	1.0
LYPSYIWSZQVHAB-UHFFFAOYSA-N	1.0
LYPSYIWSZQVHAB-UHFFFAOYSA-N	0.7378647873726218
LYPSYIWSZQVHAB-UHFFFAOYSA-N	0.7416198487095662
LYPSYIWSZQVHAB-UHFFFAOYSA-N	0.0
LYPSYIWSZQVHAB-UHFFFAOYSA-N	0.7416198487095662
LYPSYIWSZQVHAB-UHFFFAOYSA-N	1.0
LYPSYIWSZQVHAB-UHFFFAOYSA-N	0.7378647873726218
LYPSYIWSZQVHAB-UHFFFAOYSA-N	0.7416198487095662
LYPSYIWSZQVHAB-UHFFFAOYSA-N	0.0
LYPSYIWSZQVHAB-UHFFFAOYSA-N	0.7416198487095662
LYPSYIWSZQVHAB-UHFFFAOYSA-N	0.7378647873726218
LYPSYIWSZQVHAB-UHFFFAOYSA-N	0.7416198487095662
LYPSYIWSZQVHAB-UHFFFAOYSA-N	0.0
LYPSYIWSZQVHAB-UHFFFAOYSA-N	0.7416198487095662
LYPSYIWSZQVHAB-UHFFFAOYSA-N	0.6535161308899218
LYPSYIWSZQVHAB-UHFFFAOYSA-N	0.0
LYPSYIWSZQVHAB-UHFFFAOYSA-N	0.6535161308899218
LYPSYIWSZQVHAB-UHFFFAOYSA-N	0.0
LYPSYIWSZQVHAB-UHFFFAOYSA-N	1.0
LYPSYIWSZQVHAB-UHFFFAOYSA-N	0.0
FZFXOEUVGCHONA-UHFFFAOYSA-N	1.0
FZFXOEUVGCHONA-UHFFFAOYSA-N	1.0
FZFXOEUVGCHONA-UHFFFAOYSA-N	1.0
FZFXOEUVGCHONA-UHFFFAOYSA-N	1.0
FZFXOEUVGCHONA-UHFFFAOYSA-N	1.0
FZFXOEUVGCHONA-UHFFFAOYSA-N	1.0
FZFXOEUVGCHONA-UHFFFAOYSA-N	1.0
FZFXOEUVGCHONA-UHFFFAOYSA-N	1.0
FZFXOEUVGCHONA-UHFFFAOYSA-N	1.0
FZFXOEUVGCHONA-UHFFFAOYSA-N	1.0
FZFXOEUVGCHONA-UHFFFAOYSA-N	1.0
FZFXOEUVGCHONA-UHFFFAOYSA-N	1.0
FZFXOEUVGCHONA-UHFFFAOYSA-N	1.0
FZFXOEUVGCHONA-UHFFFAOYSA-N	1.0
FZFXOEUVGCHONA-UHFFFAOYSA-N	1.0
FZFXOEUVGCHONA-UHFFFAOYSA-N	1.0
FZFXOEUVGCHONA-UHFFFAOYSA-N	1.0
FZFXOEUVGCHONA-UHFFFAOYSA-N	1.0
FZFXOEUVGCHONA-UHFFFAOYSA-N	1.0
FZFXOEUVGCHONA-UHFFFAOYSA-N	1.0
FZFXOEUVGCHONA-UHFFFAOYSA-N	1.0
FZFXOEUVGCHONA-UHFFFAOYSA-N	1.0
FZFXOEUVGCHONA-UHFFFAOYSA-N	1.0
FZFXOEUVGCHONA-UHFFFAOYSA-N	1.0
FZFXOEUVGCHONA-UHFFFAOYSA-N	1.0
FZFXOEUVGCHONA-UHFFFAOYSA-N	1.0
FZFXOEUVGCHONA-UHFFFAOYSA-N	1.0
FZFXOEUVGCHONA-UHFFFAOYSA-N	1.0
FZFXOEUVGCHONA-UHFFFAOYSA-N	1.0
FZFXOEUVGCHONA-UHFFFAOYSA-N	1.0
FZFXOEUVGCHONA-UHFFFAOYSA-N	1.0
FZFXOEUVGCHONA-UHFFFAOYSA-N	1.0
FZFXOEUVGCHONA-UHFFFAOYSA-N	1.0
FZFXOEUVGCHONA-UHFFFAOYSA-N	1.0
FZFXOEUVGCHONA-UHFFFAOYSA-N	1.0
FZFXOEUVGCHONA-UHFFFAOYSA-N	1.0
FZFXOEUVGCHONA-UHFFFAOYSA-N	1.0
FZFXOEUVGCHONA-UHFFFAOYSA-N	1.0
FZFXOEUVGCHONA-UHFFFAOYSA-N	1.0
FZFXOEUVGCHONA-UHFFFAOYSA-N	1.0
FZFXOEUVGCHONA-UHFFFAOYSA-N	1.0
FZFXOEUVGCHONA-UHFFFAOYSA-N	1.0
FZFXOEUVGCHONA-UHFFFAOYSA-N	1.0
FZFXOEUVGCHONA-UHFFFAOYSA-N	1.0
FZFXOEUVGCHONA-UHFFFAOYSA-N	1.0
WKMACJQHHVRNIY-UHFFFAOYSA-N	0.4351941398892446
WKMACJQHHVRNIY-UHFFFAOYSA-N	0.0
WKMACJQHHVRNIY-UHFFFAOYSA-N	0.4354116825871044
WKMACJQHHVRNIY-UHFFFAOYSA-N	0.0
WKMACJQHHVRNIY-UHFFFAOYSA-N	0.0
WKMACJQHHVRNIY-UHFFFAOYSA-N	0.43369947901195144
WKMACJQHHVRNIY-UHFFFAOYSA-N	0.43559567231962915
WKMACJQHHVRNIY-UHFFFAOYSA-N	0.43559567231962915
WKMACJQHHVRNIY-UHFFFAOYSA-N	0.39868611373353674
WKMACJQHHVRNIY-UHFFFAOYSA-N	0.0
WKMACJQHHVRNIY-UHFFFAOYSA-N	0.886942313043338
WKMACJQHHVRNIY-UHFFFAOYSA-N	0.0
WKMACJQHHVRNIY-UHFFFAOYSA-N	0.0
WKMACJQHHVRNIY-UHFFFAOYSA-N	0.4363531143512561
WKMACJQHHVRNIY-UHFFFAOYSA-N	0.8767656178922327
WKMACJQHHVRNIY-UHFFFAOYSA-N	0.8767656178922327
WKMACJQHHVRNIY-UHFFFAOYSA-N	0.4001549286740684
WKMACJQHHVRNIY-UHFFFAOYSA-N	0.4013864859597432
WKMACJQHHVRNIY-UHFFFAOYSA-N	0.4845365218697565
WKMACJQHHVRNIY-UHFFFAOYSA-N	0.816496580927726
WKMACJQHHVRNIY-UHFFFAOYSA-N	0.0
WKMACJQHHVRNIY-UHFFFAOYSA-N	0.4016525691748857
WKMACJQHHVRNIY-UHFFFAOYSA-N	0.4016525691748857
WKMACJQHHVRNIY-UHFFFAOYSA-N	0.0
WKMACJQHHVRNIY-UHFFFAOYSA-N	0.40679327579345415
WKMACJQHHVRNIY-UHFFFAOYSA-N	0.3748015347836645
WKMACJQHHVRNIY-UHFFFAOYSA-N	0.4346134936801766
WKMACJQHHVRNIY-UHFFFAOYSA-N	0.9922778767136676
WKMACJQHHVRNIY-UHFFFAOYSA-N	0.9922778767136676
WKMACJQHHVRNIY-UHFFFAOYSA-N	0.3988620176087328
WKMACJQHHVRNIY-UHFFFAOYSA-N	0.43779751788545657
WKMACJQHHVRNIY-UHFFFAOYSA-N	0.0
WKMACJQHHVRNIY-UHFFFAOYSA-N	0.41149352738156536
WKMACJQHHVRNIY-UHFFFAOYSA-N	0.41149352738156536
WKMACJQHHVRNIY-UHFFFAOYSA-N	0.0
WKMACJQHHVRNIY-UHFFFAOYSA-N	0.0
WKMACJQHHVRNIY-UHFFFAOYSA-N	0.37504578475079636
WKMACJQHHVRNIY-UHFFFAOYSA-N	0.37504578475079636
WKMACJQHHVRNIY-UHFFFAOYSA-N	0.0
WKMACJQHHVRNIY-UHFFFAOYSA-N	0.43115824925128815
WKMACJQHHVRNIY-UHFFFAOYSA-N	0.43115824925128815
WKMACJQHHVRNIY-UHFFFAOYSA-N	0.9128709291752769
WKMACJQHHVRNIY-UHFFFAOYSA-N	1.0
WKMACJQHHVRNIY-UHFFFAOYSA-N	0.3962969619506085
WKMACJQHHVRNIY-UHFFFAOYSA-N	0.3962969619506085
LHEYGVSDVBEYQF-QMMMGPOBSA-N	0.9925649526278798
LHEYGVSDVBEYQF-QMMMGPOBSA-N	0.0
LHEYGVSDVBEYQF-QMMMGPOBSA-N	0.6323787432408484
LHEYGVSDVBEYQF-QMMMGPOBSA-N	0.6323787432408484
LHEYGVSDVBEYQF-QMMMGPOBSA-N	0.6323787432408484
LHEYGVSDVBEYQF-QMMMGPOBSA-N	0.9345230512584125
LHEYGVSDVBEYQF-QMMMGPOBSA-N	0.6590503162485543
LHEYGVSDVBEYQF-QMMMGPOBSA-N	0.7848193842798902
LHEYGVSDVBEYQF-QMMMGPOBSA-N	0.9345230512584125
LHEYGVSDVBEYQF-QMMMGPOBSA-N	0.0
LHEYGVSDVBEYQF-QMMMGPOBSA-N	0.6347771321396684
LHEYGVSDVBEYQF-QMMMGPOBSA-N	0.6347771321396684
LHEYGVSDVBEYQF-QMMMGPOBSA-N	0.6347771321396684
LHEYGVSDVBEYQF-QMMMGPOBSA-N	0.9534625892455924
LHEYGVSDVBEYQF-QMMMGPOBSA-N	0.6589803781605287
LHEYGVSDVBEYQF-QMMMGPOBSA-N	0.7916318660187928
LHEYGVSDVBEYQF-QMMMGPOBSA-N	0.9534625892455924
LHEYGVSDVBEYQF-QMMMGPOBSA-N	0.6456285264057974
LHEYGVSDVBEYQF-QMMMGPOBSA-N	0.6456285264057974
LHEYGVSDVBEYQF-QMMMGPOBSA-N	0.6456285264057974
LHEYGVSDVBEYQF-QMMMGPOBSA-N	0.0
LHEYGVSDVBEYQF-QMMMGPOBSA-N	0.6263869966988435
LHEYGVSDVBEYQF-QMMMGPOBSA-N	0.5026140501320214
LHEYGVSDVBEYQF-QMMMGPOBSA-N	0.0
LHEYGVSDVBEYQF-QMMMGPOBSA-N	1.0
LHEYGVSDVBEYQF-QMMMGPOBSA-N	1.0
LHEYGVSDVBEYQF-QMMMGPOBSA-N	0.6686862378135837
LHEYGVSDVBEYQF-QMMMGPOBSA-N	0.9496588081262932
LHEYGVSDVBEYQF-QMMMGPOBSA-N	0.7759615983516208
LHEYGVSDVBEYQF-QMMMGPOBSA-N	0.6686862378135837
LHEYGVSDVBEYQF-QMMMGPOBSA-N	1.0
LHEYGVSDVBEYQF-QMMMGPOBSA-N	0.6686862378135837
LHEYGVSDVBEYQF-QMMMGPOBSA-N	0.9496588081262932
LHEYGVSDVBEYQF-QMMMGPOBSA-N	0.7759615983516208
LHEYGVSDVBEYQF-QMMMGPOBSA-N	0.6686862378135837
LHEYGVSDVBEYQF-QMMMGPOBSA-N	0.6686862378135837
LHEYGVSDVBEYQF-QMMMGPOBSA-N	0.9496588081262932
LHEYGVSDVBEYQF-QMMMGPOBSA-N	0.7759615983516208
LHEYGVSDVBEYQF-QMMMGPOBSA-N	0.6686862378135837
LHEYGVSDVBEYQF-QMMMGPOBSA-N	0.6205676817271808
LHEYGVSDVBEYQF-QMMMGPOBSA-N	0.7628355536536573
LHEYGVSDVBEYQF-QMMMGPOBSA-N	1.0
LHEYGVSDVBEYQF-QMMMGPOBSA-N	0.7968190728895957
LHEYGVSDVBEYQF-QMMMGPOBSA-N	0.6205676817271808
LHEYGVSDVBEYQF-QMMMGPOBSA-N	0.7628355536536573
AWDRDIZACXEMRA-UHFFFAOYSA-N	1.0
AWDRDIZACXEMRA-UHFFFAOYSA-N	0.6831300510639732
AWDRDIZACXEMRA-UHFFFAOYSA-N	0.563436169819011
AWDRDIZACXEMRA-UHFFFAOYSA-N	0.7071067811865476
AWDRDIZACXEMRA-UHFFFAOYSA-N	0.6984606089266754
AWDRDIZACXEMRA-UHFFFAOYSA-N	0.7071067811865476
AWDRDIZACXEMRA-UHFFFAOYSA-N	0.570290699101328
AWDRDIZACXEMRA-UHFFFAOYSA-N	0.5255618686489515
AWDRDIZACXEMRA-UHFFFAOYSA-N	0.5270462766947299
AWDRDIZACXEMRA-UHFFFAOYSA-N	0.6831300510639732
AWDRDIZACXEMRA-UHFFFAOYSA-N	0.563436169819011
AWDRDIZACXEMRA-UHFFFAOYSA-N	0.7071067811865476
AWDRDIZACXEMRA-UHFFFAOYSA-N	0.6984606089266754
AWDRDIZACXEMRA-UHFFFAOYSA-N	0.7071067811865476
AWDRDIZACXEMRA-UHFFFAOYSA-N	0.570290699101328
AWDRDIZACXEMRA-UHFFFAOYSA-N	0.5255618686489515
AWDRDIZACXEMRA-UHFFFAOYSA-N	0.5270462766947299
AWDRDIZACXEMRA-UHFFFAOYSA-N	0.5773502691896257
AWDRDIZACXEMRA-UHFFFAOYSA-N	0.6900655593423543
AWDRDIZACXEMRA-UHFFFAOYSA-N	0.6824762336695759
AWDRDIZACXEMRA-UHFFFAOYSA-N	0.6900655593423543
AWDRDIZACXEMRA-UHFFFAOYSA-N	0.5572395113556404
AWDRDIZACXEMRA-UHFFFAOYSA-N	0.5380577783468111
AWDRDIZACXEMRA-UHFFFAOYSA-N	0.5397759022884941
AWDRDIZACXEMRA-UHFFFAOYSA-N	0.5665577237325317
AWDRDIZACXEMRA-UHFFFAOYSA-N	0.5617707893376856
AWDRDIZACXEMRA-UHFFFAOYSA-N	0.5665577237325317
AWDRDIZACXEMRA-UHFFFAOYSA-N	0.5617707893376856
AWDRDIZACXEMRA-UHFFFAOYSA-N	0.5454124562885848
AWDRDIZACXEMRA-UHFFFAOYSA-N	0.546799688176483
AWDRDIZACXEMRA-UHFFFAOYSA-N	0.7006321550333432
AWDRDIZACXEMRA-UHFFFAOYSA-N	0.7071067811865476
AWDRDIZACXEMRA-UHFFFAOYSA-N	0.5720637590727492
AWDRDIZACXEMRA-UHFFFAOYSA-N	0.5363197636568029
AWDRDIZACXEMRA-UHFFFAOYSA-N	0.53748384988657
AWDRDIZACXEMRA-UHFFFAOYSA-N	0.7006321550333432
AWDRDIZACXEMRA-UHFFFAOYSA-N	0.816496580927726
AWDRDIZACXEMRA-UHFFFAOYSA-N	0.5337238153868638
AWDRDIZACXEMRA-UHFFFAOYSA-N	0.5338539126015656
AWDRDIZACXEMRA-UHFFFAOYSA-N	0.5720637590727492
AWDRDIZACXEMRA-UHFFFAOYSA-N	0.5363197636568029
AWDRDIZACXEMRA-UHFFFAOYSA-N	0.53748384988657
AWDRDIZACXEMRA-UHFFFAOYSA-N	0.5337238153868638
AWDRDIZACXEMRA-UHFFFAOYSA-N	0.5338539126015656
AWDRDIZACXEMRA-UHFFFAOYSA-N	0.5496210815947049
DCFDFJLOVJNYRX-UHFFFAOYSA-N	1.0
DCFDFJLOVJNYRX-UHFFFAOYSA-N	0.0
DCFDFJLOVJNYRX-UHFFFAOYSA-N	0.0
DCFDFJLOVJNYRX-UHFFFAOYSA-N	0.0
DCFDFJLOVJNYRX-UHFFFAOYSA-N	0.0
DCFDFJLOVJNYRX-UHFFFAOYSA-N	0.0
DCFDFJLOVJNYRX-UHFFFAOYSA-N	0.0
DCFDFJLOVJNYRX-UHFFFAOYSA-N	0.0
DCFDFJLOVJNYRX-UHFFFAOYSA-N	0.0
DCFDFJLOVJNYRX-UHFFFAOYSA-N	0.0
DCFDFJLOVJNYRX-UHFFFAOYSA-N	0.0
DCFDFJLOVJNYRX-UHFFFAOYSA-N	0.0
DCFDFJLOVJNYRX-UHFFFAOYSA-N	0.0
DCFDFJLOVJNYRX-UHFFFAOYSA-N	0.0
DCFDFJLOVJNYRX-UHFFFAOYSA-N	0.0
DCFDFJLOVJNYRX-UHFFFAOYSA-N	0.0
DCFDFJLOVJNYRX-UHFFFAOYSA-N	0.0
DCFDFJLOVJNYRX-UHFFFAOYSA-N	0.8004421727755678
DCFDFJLOVJNYRX-UHFFFAOYSA-N	0.8004421727755678
DCFDFJLOVJNYRX-UHFFFAOYSA-N	0.7488416981504762
DCFDFJLOVJNYRX-UHFFFAOYSA-N	0.646206172658864
DCFDFJLOVJNYRX-UHFFFAOYSA-N	0.6110937670976461
DCFDFJLOVJNYRX-UHFFFAOYSA-N	0.6110937670976461
DCFDFJLOVJNYRX-UHFFFAOYSA-N	0.8004421727755678
DCFDFJLOVJNYRX-UHFFFAOYSA-N	0.8451542547285166
DCFDFJLOVJNYRX-UHFFFAOYSA-N	0.7516783081511075
DCFDFJLOVJNYRX-UHFFFAOYSA-N	0.49895597146147214
DCFDFJLOVJNYRX-UHFFFAOYSA-N	0.646206172658864
DCFDFJLOVJNYRX-UHFFFAOYSA-N	0.646206172658864
DCFDFJLOVJNYRX-UHFFFAOYSA-N	0.8451542547285166
DCFDFJLOVJNYRX-UHFFFAOYSA-N	0.7516783081511075
DCFDFJLOVJNYRX-UHFFFAOYSA-N	0.49895597146147214
DCFDFJLOVJNYRX-UHFFFAOYSA-N	0.646206172658864
DCFDFJLOVJNYRX-UHFFFAOYSA-N	0.646206172658864
DCFDFJLOVJNYRX-UHFFFAOYSA-N	0.8451542547285166
DCFDFJLOVJNYRX-UHFFFAOYSA-N	0.4677724340542633
DCFDFJLOVJNYRX-UHFFFAOYSA-N	0.5751264288182109
DCFDFJLOVJNYRX-UHFFFAOYSA-N	0.5751264288182109
DCFDFJLOVJNYRX-UHFFFAOYSA-N	0.7516783081511075
DCFDFJLOVJNYRX-UHFFFAOYSA-N	0.7733006059486142
DCFDFJLOVJNYRX-UHFFFAOYSA-N	0.7733006059486142
DCFDFJLOVJNYRX-UHFFFAOYSA-N	0.49895597146147214
DCFDFJLOVJNYRX-UHFFFAOYSA-N	1.0
DCFDFJLOVJNYRX-UHFFFAOYSA-N	0.646206172658864
DCFDFJLOVJNYRX-UHFFFAOYSA-N	0.646206172658864
YKAKSKHYOAHFDB-UHFFFAOYSA-N	0.6172946067956105
YKAKSKHYOAHFDB-UHFFFAOYSA-N	0.816496580927726
YKAKSKHYOAHFDB-UHFFFAOYSA-N	0.7535253502800946
YKAKSKHYOAHFDB-UHFFFAOYSA-N	0.6172946067956105
YKAKSKHYOAHFDB-UHFFFAOYSA-N	0.5872380137972038
YKAKSKHYOAHFDB-UHFFFAOYSA-N	0.816496580927726
YKAKSKHYOAHFDB-UHFFFAOYSA-N	0.6172946067956105
YKAKSKHYOAHFDB-UHFFFAOYSA-N	0.7535253502800946
YKAKSKHYOAHFDB-UHFFFAOYSA-N	0.7535253502800946
YKAKSKHYOAHFDB-UHFFFAOYSA-N	0.6172946067956105
YKAKSKHYOAHFDB-UHFFFAOYSA-N	0.6159004248523728
YKAKSKHYOAHFDB-UHFFFAOYSA-N	0.8944271909999159
YKAKSKHYOAHFDB-UHFFFAOYSA-N	0.8498053065327165
YKAKSKHYOAHFDB-UHFFFAOYSA-N	0.6172946067956105
YKAKSKHYOAHFDB-UHFFFAOYSA-N	0.8944271909999159
YKAKSKHYOAHFDB-UHFFFAOYSA-N	0.6159004248523728
YKAKSKHYOAHFDB-UHFFFAOYSA-N	0.6159004248523728
YKAKSKHYOAHFDB-UHFFFAOYSA-N	0.7535253502800946
YKAKSKHYOAHFDB-UHFFFAOYSA-N	0.6172946067956105
YKAKSKHYOAHFDB-UHFFFAOYSA-N	0.5872380137972038
YKAKSKHYOAHFDB-UHFFFAOYSA-N	0.816496580927726
YKAKSKHYOAHFDB-UHFFFAOYSA-N	0.6172946067956105
YKAKSKHYOAHFDB-UHFFFAOYSA-N	0.7535253502800946
YKAKSKHYOAHFDB-UHFFFAOYSA-N	0.7535253502800946
YKAKSKHYOAHFDB-UHFFFAOYSA-N	0.6159004248523728
YKAKSKHYOAHFDB-UHFFFAOYSA-N	0.589959276604706
YKAKSKHYOAHFDB-UHFFFAOYSA-N	0.7535253502800946
YKAKSKHYOAHFDB-UHFFFAOYSA-N	0.6159004248523728
YKAKSKHYOAHFDB-UHFFFAOYSA-N	0.7559289460184544
YKAKSKHYOAHFDB-UHFFFAOYSA-N	0.7559289460184544
YKAKSKHYOAHFDB-UHFFFAOYSA-N	0.8498053065327165
YKAKSKHYOAHFDB-UHFFFAOYSA-N	0.6172946067956105
YKAKSKHYOAHFDB-UHFFFAOYSA-N	0.8944271909999159
YKAKSKHYOAHFDB-UHFFFAOYSA-N	0.6159004248523728
YKAKSKHYOAHFDB-UHFFFAOYSA-N	0.6159004248523728
YKAKSKHYOAHFDB-UHFFFAOYSA-N	0.5872380137972038
YKAKSKHYOAHFDB-UHFFFAOYSA-N	0.8498053065327165
YKAKSKHYOAHFDB-UHFFFAOYSA-N	0.589959276604706
YKAKSKHYOAHFDB-UHFFFAOYSA-N	0.589959276604706
YKAKSKHYOAHFDB-UHFFFAOYSA-N	0.6172946067956105
YKAKSKHYOAHFDB-UHFFFAOYSA-N	0.7535253502800946
YKAKSKHYOAHFDB-UHFFFAOYSA-N	0.7535253502800946
YKAKSKHYOAHFDB-UHFFFAOYSA-N	0.6159004248523728
YKAKSKHYOAHFDB-UHFFFAOYSA-N	0.6159004248523728
YKAKSKHYOAHFDB-UHFFFAOYSA-N	0.7559289460184544
LAHWVDUZLRNQDG-UHFFFAOYSA-N	0.7559289460184544
LAHWVDUZLRNQDG-UHFFFAOYSA-N	0.9105627815392958
LAHWVDUZLRNQDG-UHFFFAOYSA-N	0.9105627815392958
LAHWVDUZLRNQDG-UHFFFAOYSA-N	0.668962497088456
LAHWVDUZLRNQDG-UHFFFAOYSA-N	0.9128709291752769
LAHWVDUZLRNQDG-UHFFFAOYSA-N	0.6701747526833574
LAHWVDUZLRNQDG-UHFFFAOYSA-N	0.7453559924999299
LAHWVDUZLRNQDG-UHFFFAOYSA-N	0.6091989175329525
LAHWVDUZLRNQDG-UHFFFAOYSA-N	0.5805234164161142
LAHWVDUZLRNQDG-UHFFFAOYSA-N	0.7540176181910928
LAHWVDUZLRNQDG-UHFFFAOYSA-N	0.7540176181910928
LAHWVDUZLRNQDG-UHFFFAOYSA-N	0.8193083874623973
LAHWVDUZLRNQDG-UHFFFAOYSA-N	0.7559289460184544
LAHWVDUZLRNQDG-UHFFFAOYSA-N	0.8207930912850684
LAHWVDUZLRNQDG-UHFFFAOYSA-N	0.6666666666666666
LAHWVDUZLRNQDG-UHFFFAOYSA-N	0.5148670571289815
LAHWVDUZLRNQDG-UHFFFAOYSA-N	0.6008988240907803
LAHWVDUZLRNQDG-UHFFFAOYSA-N	0.9128709291752769
LAHWVDUZLRNQDG-UHFFFAOYSA-N	0.6710825072982692
LAHWVDUZLRNQDG-UHFFFAOYSA-N	0.9107938595233581
LAHWVDUZLRNQDG-UHFFFAOYSA-N	0.6722574019153783
LAHWVDUZLRNQDG-UHFFFAOYSA-N	0.7438144065838532
LAHWVDUZLRNQDG-UHFFFAOYSA-N	0.5570096041798454
LAHWVDUZLRNQDG-UHFFFAOYSA-N	0.533096509422595
LAHWVDUZLRNQDG-UHFFFAOYSA-N	0.6710825072982692
LAHWVDUZLRNQDG-UHFFFAOYSA-N	0.9107938595233581
LAHWVDUZLRNQDG-UHFFFAOYSA-N	0.6722574019153783
LAHWVDUZLRNQDG-UHFFFAOYSA-N	0.7438144065838532
LAHWVDUZLRNQDG-UHFFFAOYSA-N	0.5570096041798454
LAHWVDUZLRNQDG-UHFFFAOYSA-N	0.533096509422595
LAHWVDUZLRNQDG-UHFFFAOYSA-N	0.6707464451272133
LAHWVDUZLRNQDG-UHFFFAOYSA-N	0.8980799625020142
LAHWVDUZLRNQDG-UHFFFAOYSA-N	0.635088500397703
LAHWVDUZLRNQDG-UHFFFAOYSA-N	0.45878530979529025
LAHWVDUZLRNQDG-UHFFFAOYSA-N	0.6923682551954359
LAHWVDUZLRNQDG-UHFFFAOYSA-N	0.6718548123582124
LAHWVDUZLRNQDG-UHFFFAOYSA-N	0.7453559924999299
LAHWVDUZLRNQDG-UHFFFAOYSA-N	0.5585187560253368
LAHWVDUZLRNQDG-UHFFFAOYSA-N	0.5328144733938162
LAHWVDUZLRNQDG-UHFFFAOYSA-N	0.6360490582953524
LAHWVDUZLRNQDG-UHFFFAOYSA-N	0.4595105669622421
LAHWVDUZLRNQDG-UHFFFAOYSA-N	0.6635195208461232
LAHWVDUZLRNQDG-UHFFFAOYSA-N	0.4564317491841195
LAHWVDUZLRNQDG-UHFFFAOYSA-N	0.43701525374747846
LAHWVDUZLRNQDG-UHFFFAOYSA-N	0.6687446801429131
OYGAAIIWGPRZSJ-UHFFFAOYSA-N	1.0
OYGAAIIWGPRZSJ-UHFFFAOYSA-N	1.0
OYGAAIIWGPRZSJ-UHFFFAOYSA-N	0.816496580927726
OYGAAIIWGPRZSJ-UHFFFAOYSA-N	1.0
OYGAAIIWGPRZSJ-UHFFFAOYSA-N	0.6943650748294136
OYGAAIIWGPRZSJ-UHFFFAOYSA-N	0.6763190130459201
OYGAAIIWGPRZSJ-UHFFFAOYSA-N	0.6763190130459201
OYGAAIIWGPRZSJ-UHFFFAOYSA-N	0.4002704713271393
OYGAAIIWGPRZSJ-UHFFFAOYSA-N	0.41241554297404953
OYGAAIIWGPRZSJ-UHFFFAOYSA-N	1.0
OYGAAIIWGPRZSJ-UHFFFAOYSA-N	0.816496580927726
OYGAAIIWGPRZSJ-UHFFFAOYSA-N	1.0
OYGAAIIWGPRZSJ-UHFFFAOYSA-N	0.6943650748294136
OYGAAIIWGPRZSJ-UHFFFAOYSA-N	0.6763190130459201
OYGAAIIWGPRZSJ-UHFFFAOYSA-N	0.6763190130459201
OYGAAIIWGPRZSJ-UHFFFAOYSA-N	0.4002704713271393
OYGAAIIWGPRZSJ-UHFFFAOYSA-N	0.41241554297404953
OYGAAIIWGPRZSJ-UHFFFAOYSA-N	0.816496580927726
OYGAAIIWGPRZSJ-UHFFFAOYSA-N	1.0
OYGAAIIWGPRZSJ-UHFFFAOYSA-N	0.6943650748294136
OYGAAIIWGPRZSJ-UHFFFAOYSA-N	0.6763190130459201
OYGAAIIWGPRZSJ-UHFFFAOYSA-N	0.6763190130459201
OYGAAIIWGPRZSJ-UHFFFAOYSA-N	0.4002704713271393
OYGAAIIWGPRZSJ-UHFFFAOYSA-N	0.41241554297404953
OYGAAIIWGPRZSJ-UHFFFAOYSA-N	0.816496580927726
OYGAAIIWGPRZSJ-UHFFFAOYSA-N	0.8504200642707612
OYGAAIIWGPRZSJ-UHFFFAOYSA-N	0.5522121617684079
OYGAAIIWGPRZSJ-UHFFFAOYSA-N	0.5522121617684079
OYGAAIIWGPRZSJ-UHFFFAOYSA-N	0.5660679291683114
OYGAAIIWGPRZSJ-UHFFFAOYSA-N	0.5832436542073649
OYGAAIIWGPRZSJ-UHFFFAOYSA-N	0.6943650748294136
OYGAAIIWGPRZSJ-UHFFFAOYSA-N	0.6763190130459201
OYGAAIIWGPRZSJ-UHFFFAOYSA-N	0.6763190130459201
OYGAAIIWGPRZSJ-UHFFFAOYSA-N	0.4002704713271393
OYGAAIIWGPRZSJ-UHFFFAOYSA-N	0.41241554297404953
OYGAAIIWGPRZSJ-UHFFFAOYSA-N	0.47091321839512984
OYGAAIIWGPRZSJ-UHFFFAOYSA-N	0.47091321839512984
OYGAAIIWGPRZSJ-UHFFFAOYSA-N	0.5637690110634832
OYGAAIIWGPRZSJ-UHFFFAOYSA-N	0.5817573020096598
OYGAAIIWGPRZSJ-UHFFFAOYSA-N	1.0
OYGAAIIWGPRZSJ-UHFFFAOYSA-N	0.4066638143177456
OYGAAIIWGPRZSJ-UHFFFAOYSA-N	0.41396744753548875
OYGAAIIWGPRZSJ-UHFFFAOYSA-N	0.4066638143177456
OYGAAIIWGPRZSJ-UHFFFAOYSA-N	0.41396744753548875
OYGAAIIWGPRZSJ-UHFFFAOYSA-N	0.8668497975016037
CWOFQJBATWQSHL-DEOSSOPVSA-N	0.8660254037844386
CWOFQJBATWQSHL-DEOSSOPVSA-N	0.8564561616701378
CWOFQJBATWQSHL-DEOSSOPVSA-N	0.635907025764261
CWOFQJBATWQSHL-DEOSSOPVSA-N	0.6422440888642372
CWOFQJBATWQSHL-DEOSSOPVSA-N	0.44448579618340955
CWOFQJBATWQSHL-DEOSSOPVSA-N	0.8564561616701378
CWOFQJBATWQSHL-DEOSSOPVSA-N	0.635907025764261
CWOFQJBATWQSHL-DEOSSOPVSA-N	0.6422440888642372
CWOFQJBATWQSHL-DEOSSOPVSA-N	0.44448579618340955
CWOFQJBATWQSHL-DEOSSOPVSA-N	0.6367587310267607
CWOFQJBATWQSHL-DEOSSOPVSA-N	0.6404087367672422
CWOFQJBATWQSHL-DEOSSOPVSA-N	0.4565049067689009
CWOFQJBATWQSHL-DEOSSOPVSA-N	0.8414782211554039
CWOFQJBATWQSHL-DEOSSOPVSA-N	0.656162040573668
CWOFQJBATWQSHL-DEOSSOPVSA-N	0.6579141734419205
OEUYHQOSMXZHIV-UHFFFAOYSA-N	0.621817879680374
OEUYHQOSMXZHIV-UHFFFAOYSA-N	0.6146964260787996
OEUYHQOSMXZHIV-UHFFFAOYSA-N	0.6243256165577351
OEUYHQOSMXZHIV-UHFFFAOYSA-N	0.640044422477923
OEUYHQOSMXZHIV-UHFFFAOYSA-N	0.6146964260787996
OEUYHQOSMXZHIV-UHFFFAOYSA-N	0.621817879680374
OEUYHQOSMXZHIV-UHFFFAOYSA-N	0.6146362971528592
OEUYHQOSMXZHIV-UHFFFAOYSA-N	0.6146362971528592
OEUYHQOSMXZHIV-UHFFFAOYSA-N	0.82915619758885
OEUYHQOSMXZHIV-UHFFFAOYSA-N	0.6565320223984685
OEUYHQOSMXZHIV-UHFFFAOYSA-N	0.6522670191256253
OEUYHQOSMXZHIV-UHFFFAOYSA-N	0.6755321709261304
OEUYHQOSMXZHIV-UHFFFAOYSA-N	0.6565320223984685
OEUYHQOSMXZHIV-UHFFFAOYSA-N	0.8660254037844386
OEUYHQOSMXZHIV-UHFFFAOYSA-N	0.39819890271435926
OEUYHQOSMXZHIV-UHFFFAOYSA-N	0.39819890271435926
OEUYHQOSMXZHIV-UHFFFAOYSA-N	0.7891046557944338
OEUYHQOSMXZHIV-UHFFFAOYSA-N	0.6378306571718501
OEUYHQOSMXZHIV-UHFFFAOYSA-N	0.6601522701273601
OEUYHQOSMXZHIV-UHFFFAOYSA-N	0.8660254037844386
OEUYHQOSMXZHIV-UHFFFAOYSA-N	0.6565320223984685
OEUYHQOSMXZHIV-UHFFFAOYSA-N	0.393124622879874
OEUYHQOSMXZHIV-UHFFFAOYSA-N	0.393124622879874
OEUYHQOSMXZHIV-UHFFFAOYSA-N	0.5989036940508267
OEUYHQOSMXZHIV-UHFFFAOYSA-N	0.8311704713516122
OEUYHQOSMXZHIV-UHFFFAOYSA-N	0.6378306571718501
OEUYHQOSMXZHIV-UHFFFAOYSA-N	0.6522670191256253
OEUYHQOSMXZHIV-UHFFFAOYSA-N	0.5633507794620525
OEUYHQOSMXZHIV-UHFFFAOYSA-N	0.5633507794620525
OEUYHQOSMXZHIV-UHFFFAOYSA-N	0.6114903118561494
OEUYHQOSMXZHIV-UHFFFAOYSA-N	0.6601522701273601
OEUYHQOSMXZHIV-UHFFFAOYSA-N	0.6755321709261304
OEUYHQOSMXZHIV-UHFFFAOYSA-N	0.5773851396076763
OEUYHQOSMXZHIV-UHFFFAOYSA-N	0.5773851396076763
OEUYHQOSMXZHIV-UHFFFAOYSA-N	0.627435114470273
OEUYHQOSMXZHIV-UHFFFAOYSA-N	0.6565320223984685
OEUYHQOSMXZHIV-UHFFFAOYSA-N	0.393124622879874
OEUYHQOSMXZHIV-UHFFFAOYSA-N	0.393124622879874
OEUYHQOSMXZHIV-UHFFFAOYSA-N	0.5989036940508267
OEUYHQOSMXZHIV-UHFFFAOYSA-N	0.39819890271435926
OEUYHQOSMXZHIV-UHFFFAOYSA-N	0.39819890271435926
OEUYHQOSMXZHIV-UHFFFAOYSA-N	0.7891046557944338
OEUYHQOSMXZHIV-UHFFFAOYSA-N	1.0
OEUYHQOSMXZHIV-UHFFFAOYSA-N	0.6027481415391105
OEUYHQOSMXZHIV-UHFFFAOYSA-N	0.6027481415391105
MGGGSJRWNQFCLE-UHFFFAOYSA-N	0.0
MGGGSJRWNQFCLE-UHFFFAOYSA-N	0.0
MGGGSJRWNQFCLE-UHFFFAOYSA-N	0.0
MGGGSJRWNQFCLE-UHFFFAOYSA-N	0.0
MGGGSJRWNQFCLE-UHFFFAOYSA-N	0.0
MGGGSJRWNQFCLE-UHFFFAOYSA-N	0.0
MGGGSJRWNQFCLE-UHFFFAOYSA-N	0.0
MGGGSJRWNQFCLE-UHFFFAOYSA-N	0.0
MGGGSJRWNQFCLE-UHFFFAOYSA-N	0.0
MGGGSJRWNQFCLE-UHFFFAOYSA-N	0.0
MGGGSJRWNQFCLE-UHFFFAOYSA-N	0.0
MGGGSJRWNQFCLE-UHFFFAOYSA-N	0.9603240193925289
MGGGSJRWNQFCLE-UHFFFAOYSA-N	0.9603240193925289
MGGGSJRWNQFCLE-UHFFFAOYSA-N	0.960324019392529
MGGGSJRWNQFCLE-UHFFFAOYSA-N	0.9603240193925289
MGGGSJRWNQFCLE-UHFFFAOYSA-N	1.0
MGGGSJRWNQFCLE-UHFFFAOYSA-N	1.0
MGGGSJRWNQFCLE-UHFFFAOYSA-N	1.0
MGGGSJRWNQFCLE-UHFFFAOYSA-N	1.0
MGGGSJRWNQFCLE-UHFFFAOYSA-N	1.0
MGGGSJRWNQFCLE-UHFFFAOYSA-N	1.0
UTRFILHTKFEHEN-UHFFFAOYSA-N	0.502309481111809
UTRFILHTKFEHEN-UHFFFAOYSA-N	0.8755950357709131
UTRFILHTKFEHEN-UHFFFAOYSA-N	0.73824115301167
UTRFILHTKFEHEN-UHFFFAOYSA-N	0.6644494379225221
UTRFILHTKFEHEN-UHFFFAOYSA-N	0.73824115301167
UTRFILHTKFEHEN-UHFFFAOYSA-N	0.73824115301167
UTRFILHTKFEHEN-UHFFFAOYSA-N	0.7094598884597587
UTRFILHTKFEHEN-UHFFFAOYSA-N	0.505626775610224
UTRFILHTKFEHEN-UHFFFAOYSA-N	0.6258327785172862
UTRFILHTKFEHEN-UHFFFAOYSA-N	0.4742196318787944
UTRFILHTKFEHEN-UHFFFAOYSA-N	0.4587624254044384
UTRFILHTKFEHEN-UHFFFAOYSA-N	0.0
UTRFILHTKFEHEN-UHFFFAOYSA-N	0.4587624254044384
UTRFILHTKFEHEN-UHFFFAOYSA-N	0.4587624254044384
UTRFILHTKFEHEN-UHFFFAOYSA-N	0.6719237170107046
UTRFILHTKFEHEN-UHFFFAOYSA-N	0.501540835701883
UTRFILHTKFEHEN-UHFFFAOYSA-N	0.0
UTRFILHTKFEHEN-UHFFFAOYSA-N	0.7619419633774973
UTRFILHTKFEHEN-UHFFFAOYSA-N	0.6448244808559234
UTRFILHTKFEHEN-UHFFFAOYSA-N	0.7619419633774973
UTRFILHTKFEHEN-UHFFFAOYSA-N	0.7619419633774973
UTRFILHTKFEHEN-UHFFFAOYSA-N	0.7637626158259733
UTRFILHTKFEHEN-UHFFFAOYSA-N	0.48144586762873987
UTRFILHTKFEHEN-UHFFFAOYSA-N	0.6078194176270156
UTRFILHTKFEHEN-UHFFFAOYSA-N	0.5172935265326569
UTRFILHTKFEHEN-UHFFFAOYSA-N	1.0
UTRFILHTKFEHEN-UHFFFAOYSA-N	1.0
UTRFILHTKFEHEN-UHFFFAOYSA-N	0.775791113542719
UTRFILHTKFEHEN-UHFFFAOYSA-N	0.45809222308230124
UTRFILHTKFEHEN-UHFFFAOYSA-N	0.4775516260631468
UTRFILHTKFEHEN-UHFFFAOYSA-N	0.5172935265326569
UTRFILHTKFEHEN-UHFFFAOYSA-N	0.5172935265326569
UTRFILHTKFEHEN-UHFFFAOYSA-N	0.5303612625211882
UTRFILHTKFEHEN-UHFFFAOYSA-N	0.0
UTRFILHTKFEHEN-UHFFFAOYSA-N	0.6237487474937324
UTRFILHTKFEHEN-UHFFFAOYSA-N	1.0
UTRFILHTKFEHEN-UHFFFAOYSA-N	0.775791113542719
UTRFILHTKFEHEN-UHFFFAOYSA-N	0.45809222308230124
UTRFILHTKFEHEN-UHFFFAOYSA-N	0.4775516260631468
UTRFILHTKFEHEN-UHFFFAOYSA-N	0.775791113542719
UTRFILHTKFEHEN-UHFFFAOYSA-N	0.45809222308230124
UTRFILHTKFEHEN-UHFFFAOYSA-N	0.4775516260631468
UTRFILHTKFEHEN-UHFFFAOYSA-N	0.45809222308230124
UTRFILHTKFEHEN-UHFFFAOYSA-N	0.4690415759823429
UTRFILHTKFEHEN-UHFFFAOYSA-N	0.0
OJUKGYKYSNNNSA-UHFFFAOYSA-N	0.6916712303609938
OJUKGYKYSNNNSA-UHFFFAOYSA-N	1.0
OJUKGYKYSNNNSA-UHFFFAOYSA-N	1.0
OJUKGYKYSNNNSA-UHFFFAOYSA-N	0.6916712303609938
OJUKGYKYSNNNSA-UHFFFAOYSA-N	1.0
OJUKGYKYSNNNSA-UHFFFAOYSA-N	0.6916712303609938
OJUKGYKYSNNNSA-UHFFFAOYSA-N	1.0
OJUKGYKYSNNNSA-UHFFFAOYSA-N	0.6916712303609938
OJUKGYKYSNNNSA-UHFFFAOYSA-N	1.0
OJUKGYKYSNNNSA-UHFFFAOYSA-N	0.6916712303609938
OJUKGYKYSNNNSA-UHFFFAOYSA-N	0.6916712303609938
OJUKGYKYSNNNSA-UHFFFAOYSA-N	1.0
OJUKGYKYSNNNSA-UHFFFAOYSA-N	0.6916712303609938
OJUKGYKYSNNNSA-UHFFFAOYSA-N	1.0
OJUKGYKYSNNNSA-UHFFFAOYSA-N	0.6916712303609938
OJUKGYKYSNNNSA-UHFFFAOYSA-N	1.0
OJUKGYKYSNNNSA-UHFFFAOYSA-N	0.6916712303609938
OJUKGYKYSNNNSA-UHFFFAOYSA-N	1.0
OJUKGYKYSNNNSA-UHFFFAOYSA-N	0.6916712303609938
OJUKGYKYSNNNSA-UHFFFAOYSA-N	1.0
OJUKGYKYSNNNSA-UHFFFAOYSA-N	0.6916712303609938
OJUKGYKYSNNNSA-UHFFFAOYSA-N	1.0
OJUKGYKYSNNNSA-UHFFFAOYSA-N	0.6916712303609938
OJUKGYKYSNNNSA-UHFFFAOYSA-N	1.0
OJUKGYKYSNNNSA-UHFFFAOYSA-N	0.6916712303609938
OJUKGYKYSNNNSA-UHFFFAOYSA-N	1.0
OJUKGYKYSNNNSA-UHFFFAOYSA-N	0.6916712303609938
OJUKGYKYSNNNSA-UHFFFAOYSA-N	1.0
OJUKGYKYSNNNSA-UHFFFAOYSA-N	0.6916712303609938
OJUKGYKYSNNNSA-UHFFFAOYSA-N	1.0
OJUKGYKYSNNNSA-UHFFFAOYSA-N	0.6916712303609938
OJUKGYKYSNNNSA-UHFFFAOYSA-N	1.0
OJUKGYKYSNNNSA-UHFFFAOYSA-N	0.6916712303609938
OJUKGYKYSNNNSA-UHFFFAOYSA-N	1.0
OJUKGYKYSNNNSA-UHFFFAOYSA-N	0.6916712303609938
OJUKGYKYSNNNSA-UHFFFAOYSA-N	0.6916712303609938
OJUKGYKYSNNNSA-UHFFFAOYSA-N	1.0
OJUKGYKYSNNNSA-UHFFFAOYSA-N	0.6916712303609938
OJUKGYKYSNNNSA-UHFFFAOYSA-N	1.0
OJUKGYKYSNNNSA-UHFFFAOYSA-N	0.6916712303609938
OJUKGYKYSNNNSA-UHFFFAOYSA-N	1.0
OJUKGYKYSNNNSA-UHFFFAOYSA-N	0.6916712303609938
OJUKGYKYSNNNSA-UHFFFAOYSA-N	0.6916712303609938
OJUKGYKYSNNNSA-UHFFFAOYSA-N	1.0
OJUKGYKYSNNNSA-UHFFFAOYSA-N	0.6916712303609938
NVTKJBXOBFRPLQ-UHFFFAOYSA-N	0.0
NVTKJBXOBFRPLQ-UHFFFAOYSA-N	0.0
NVTKJBXOBFRPLQ-UHFFFAOYSA-N	0.0
NVTKJBXOBFRPLQ-UHFFFAOYSA-N	0.0
NVTKJBXOBFRPLQ-UHFFFAOYSA-N	0.0
NVTKJBXOBFRPLQ-UHFFFAOYSA-N	0.0
NVTKJBXOBFRPLQ-UHFFFAOYSA-N	0.6792294582869849
NVTKJBXOBFRPLQ-UHFFFAOYSA-N	0.0
NVTKJBXOBFRPLQ-UHFFFAOYSA-N	0.0
NVTKJBXOBFRPLQ-UHFFFAOYSA-N	0.0
NVTKJBXOBFRPLQ-UHFFFAOYSA-N	0.0
NVTKJBXOBFRPLQ-UHFFFAOYSA-N	0.0
NVTKJBXOBFRPLQ-UHFFFAOYSA-N	0.0
NVTKJBXOBFRPLQ-UHFFFAOYSA-N	0.0
NVTKJBXOBFRPLQ-UHFFFAOYSA-N	0.0
NVTKJBXOBFRPLQ-UHFFFAOYSA-N	0.0
NVTKJBXOBFRPLQ-UHFFFAOYSA-N	0.49755897646905645
NVTKJBXOBFRPLQ-UHFFFAOYSA-N	0.6614378277661477
NVTKJBXOBFRPLQ-UHFFFAOYSA-N	0.0
NVTKJBXOBFRPLQ-UHFFFAOYSA-N	0.6614378277661477
NVTKJBXOBFRPLQ-UHFFFAOYSA-N	0.0
NVTKJBXOBFRPLQ-UHFFFAOYSA-N	0.0
NVTKJBXOBFRPLQ-UHFFFAOYSA-N	0.0
NVTKJBXOBFRPLQ-UHFFFAOYSA-N	0.0
NVTKJBXOBFRPLQ-UHFFFAOYSA-N	0.0
NVTKJBXOBFRPLQ-UHFFFAOYSA-N	1.0
NVTKJBXOBFRPLQ-UHFFFAOYSA-N	0.0
NVTKJBXOBFRPLQ-UHFFFAOYSA-N	0.0
NVTKJBXOBFRPLQ-UHFFFAOYSA-N	0.0
NVTKJBXOBFRPLQ-UHFFFAOYSA-N	0.0
NVTKJBXOBFRPLQ-UHFFFAOYSA-N	0.0
NVTKJBXOBFRPLQ-UHFFFAOYSA-N	0.7822434160188003
NVTKJBXOBFRPLQ-UHFFFAOYSA-N	0.0
NVTKJBXOBFRPLQ-UHFFFAOYSA-N	0.80632563558144
NVTKJBXOBFRPLQ-UHFFFAOYSA-N	0.0
NVTKJBXOBFRPLQ-UHFFFAOYSA-N	0.0
NVTKJBXOBFRPLQ-UHFFFAOYSA-N	0.0
NVTKJBXOBFRPLQ-UHFFFAOYSA-N	0.0
NVTKJBXOBFRPLQ-UHFFFAOYSA-N	0.0
NVTKJBXOBFRPLQ-UHFFFAOYSA-N	0.0
NVTKJBXOBFRPLQ-UHFFFAOYSA-N	0.7781903386034364
NVTKJBXOBFRPLQ-UHFFFAOYSA-N	0.0
NVTKJBXOBFRPLQ-UHFFFAOYSA-N	0.5460294389024717
NVTKJBXOBFRPLQ-UHFFFAOYSA-N	0.0
NVTKJBXOBFRPLQ-UHFFFAOYSA-N	0.0
INSNUPHZRXHOTA-UHFFFAOYSA-N	1.0
INSNUPHZRXHOTA-UHFFFAOYSA-N	0.0
INSNUPHZRXHOTA-UHFFFAOYSA-N	0.0
INSNUPHZRXHOTA-UHFFFAOYSA-N	0.0
INSNUPHZRXHOTA-UHFFFAOYSA-N	0.0
INSNUPHZRXHOTA-UHFFFAOYSA-N	0.0
INSNUPHZRXHOTA-UHFFFAOYSA-N	0.0
INSNUPHZRXHOTA-UHFFFAOYSA-N	0.0
INSNUPHZRXHOTA-UHFFFAOYSA-N	0.0
INSNUPHZRXHOTA-UHFFFAOYSA-N	0.0
INSNUPHZRXHOTA-UHFFFAOYSA-N	0.0
INSNUPHZRXHOTA-UHFFFAOYSA-N	0.0
INSNUPHZRXHOTA-UHFFFAOYSA-N	0.0
INSNUPHZRXHOTA-UHFFFAOYSA-N	0.0
INSNUPHZRXHOTA-UHFFFAOYSA-N	0.0
INSNUPHZRXHOTA-UHFFFAOYSA-N	0.0
INSNUPHZRXHOTA-UHFFFAOYSA-N	0.0
INSNUPHZRXHOTA-UHFFFAOYSA-N	1.0
INSNUPHZRXHOTA-UHFFFAOYSA-N	1.0
INSNUPHZRXHOTA-UHFFFAOYSA-N	1.0
INSNUPHZRXHOTA-UHFFFAOYSA-N	0.0
INSNUPHZRXHOTA-UHFFFAOYSA-N	1.0
INSNUPHZRXHOTA-UHFFFAOYSA-N	0.0
INSNUPHZRXHOTA-UHFFFAOYSA-N	0.0
INSNUPHZRXHOTA-UHFFFAOYSA-N	1.0
INSNUPHZRXHOTA-UHFFFAOYSA-N	1.0
INSNUPHZRXHOTA-UHFFFAOYSA-N	0.0
INSNUPHZRXHOTA-UHFFFAOYSA-N	1.0
INSNUPHZRXHOTA-UHFFFAOYSA-N	0.0
INSNUPHZRXHOTA-UHFFFAOYSA-N	0.0
INSNUPHZRXHOTA-UHFFFAOYSA-N	1.0
INSNUPHZRXHOTA-UHFFFAOYSA-N	0.0
INSNUPHZRXHOTA-UHFFFAOYSA-N	1.0
INSNUPHZRXHOTA-UHFFFAOYSA-N	0.0
INSNUPHZRXHOTA-UHFFFAOYSA-N	0.0
INSNUPHZRXHOTA-UHFFFAOYSA-N	0.0
INSNUPHZRXHOTA-UHFFFAOYSA-N	1.0
INSNUPHZRXHOTA-UHFFFAOYSA-N	0.0
INSNUPHZRXHOTA-UHFFFAOYSA-N	0.0
INSNUPHZRXHOTA-UHFFFAOYSA-N	0.0
INSNUPHZRXHOTA-UHFFFAOYSA-N	1.0
INSNUPHZRXHOTA-UHFFFAOYSA-N	0.563717817509592
INSNUPHZRXHOTA-UHFFFAOYSA-N	0.0
INSNUPHZRXHOTA-UHFFFAOYSA-N	0.0
INSNUPHZRXHOTA-UHFFFAOYSA-N	0.563717817509592
MCKPYEQRZUCJKI-SFHVURJKSA-N	0.8912756556600737
MCKPYEQRZUCJKI-SFHVURJKSA-N	0.8873180564675405
MCKPYEQRZUCJKI-SFHVURJKSA-N	0.8541747552296634
MCKPYEQRZUCJKI-SFHVURJKSA-N	0.7908507605388804
MCKPYEQRZUCJKI-SFHVURJKSA-N	0.8586230605397825
MCKPYEQRZUCJKI-SFHVURJKSA-N	0.8912756556600737
MCKPYEQRZUCJKI-SFHVURJKSA-N	0.7791768866906823
MCKPYEQRZUCJKI-SFHVURJKSA-N	0.7335961186553009
MCKPYEQRZUCJKI-SFHVURJKSA-N	0.7374805428080174
MCKPYEQRZUCJKI-SFHVURJKSA-N	0.7920922648161542
MCKPYEQRZUCJKI-SFHVURJKSA-N	0.7800266395717255
MCKPYEQRZUCJKI-SFHVURJKSA-N	0.8105989804278728
MCKPYEQRZUCJKI-SFHVURJKSA-N	0.7848677060609106
MCKPYEQRZUCJKI-SFHVURJKSA-N	0.9128709291752769
MCKPYEQRZUCJKI-SFHVURJKSA-N	0.799184034690269
MCKPYEQRZUCJKI-SFHVURJKSA-N	0.6701747526833574
MCKPYEQRZUCJKI-SFHVURJKSA-N	0.6744004873337632
MCKPYEQRZUCJKI-SFHVURJKSA-N	0.736188012070046
MCKPYEQRZUCJKI-SFHVURJKSA-N	0.892652694245146
MCKPYEQRZUCJKI-SFHVURJKSA-N	0.7400588320058966
MCKPYEQRZUCJKI-SFHVURJKSA-N	0.7920922648161542
MCKPYEQRZUCJKI-SFHVURJKSA-N	0.8793381617904783
MCKPYEQRZUCJKI-SFHVURJKSA-N	0.8556600931510934
MCKPYEQRZUCJKI-SFHVURJKSA-N	0.8601007165619533
MCKPYEQRZUCJKI-SFHVURJKSA-N	0.6724317825359701
MCKPYEQRZUCJKI-SFHVURJKSA-N	0.882520807237207
MCKPYEQRZUCJKI-SFHVURJKSA-N	0.7800266395717255
MCKPYEQRZUCJKI-SFHVURJKSA-N	0.6593019710473457
MCKPYEQRZUCJKI-SFHVURJKSA-N	0.8893306982833163
MCKPYEQRZUCJKI-SFHVURJKSA-N	0.7598118514387472
MCKPYEQRZUCJKI-SFHVURJKSA-N	0.6766434218599338
MCKPYEQRZUCJKI-SFHVURJKSA-N	0.8105989804278728
MCKPYEQRZUCJKI-SFHVURJKSA-N	0.9000230040768374
MCKPYEQRZUCJKI-SFHVURJKSA-N	0.7813205235124445
MCKPYEQRZUCJKI-SFHVURJKSA-N	0.7861536224158214
MCKPYEQRZUCJKI-SFHVURJKSA-N	0.7848677060609106
MCKPYEQRZUCJKI-SFHVURJKSA-N	0.665047204850219
MCKPYEQRZUCJKI-SFHVURJKSA-N	0.7598118514387472
MCKPYEQRZUCJKI-SFHVURJKSA-N	0.7701829770787058
MCKPYEQRZUCJKI-SFHVURJKSA-N	0.799184034690269
MCKPYEQRZUCJKI-SFHVURJKSA-N	0.6701747526833574
MCKPYEQRZUCJKI-SFHVURJKSA-N	0.6744004873337632
MCKPYEQRZUCJKI-SFHVURJKSA-N	0.7660407923303743
MCKPYEQRZUCJKI-SFHVURJKSA-N	0.7726340809531893
MCKPYEQRZUCJKI-SFHVURJKSA-N	0.882520807237207
GHILNKWBALQPDP-UHFFFAOYSA-N	1.0
GHILNKWBALQPDP-UHFFFAOYSA-N	0.8455767262643882
GHILNKWBALQPDP-UHFFFAOYSA-N	1.0
GHILNKWBALQPDP-UHFFFAOYSA-N	1.0
GHILNKWBALQPDP-UHFFFAOYSA-N	1.0
GHILNKWBALQPDP-UHFFFAOYSA-N	1.0
GHILNKWBALQPDP-UHFFFAOYSA-N	0.8455767262643882
GHILNKWBALQPDP-UHFFFAOYSA-N	0.8455767262643882
GHILNKWBALQPDP-UHFFFAOYSA-N	1.0
GHILNKWBALQPDP-UHFFFAOYSA-N	0.8455767262643882
GHILNKWBALQPDP-UHFFFAOYSA-N	1.0
GHILNKWBALQPDP-UHFFFAOYSA-N	1.0
GHILNKWBALQPDP-UHFFFAOYSA-N	1.0
GHILNKWBALQPDP-UHFFFAOYSA-N	1.0
GHILNKWBALQPDP-UHFFFAOYSA-N	0.8455767262643882
GHILNKWBALQPDP-UHFFFAOYSA-N	0.8455767262643882
GHILNKWBALQPDP-UHFFFAOYSA-N	1.0
GHILNKWBALQPDP-UHFFFAOYSA-N	0.8455767262643882
GHILNKWBALQPDP-UHFFFAOYSA-N	0.8455767262643882
GHILNKWBALQPDP-UHFFFAOYSA-N	0.8455767262643882
GHILNKWBALQPDP-UHFFFAOYSA-N	0.8455767262643882
GHILNKWBALQPDP-UHFFFAOYSA-N	0.8660254037844386
GHILNKWBALQPDP-UHFFFAOYSA-N	0.8660254037844386
GHILNKWBALQPDP-UHFFFAOYSA-N	0.8455767262643882
GHILNKWBALQPDP-UHFFFAOYSA-N	1.0
GHILNKWBALQPDP-UHFFFAOYSA-N	1.0
GHILNKWBALQPDP-UHFFFAOYSA-N	1.0
GHILNKWBALQPDP-UHFFFAOYSA-N	0.8455767262643882
GHILNKWBALQPDP-UHFFFAOYSA-N	0.8455767262643882
GHILNKWBALQPDP-UHFFFAOYSA-N	1.0
GHILNKWBALQPDP-UHFFFAOYSA-N	1.0
GHILNKWBALQPDP-UHFFFAOYSA-N	1.0
GHILNKWBALQPDP-UHFFFAOYSA-N	0.8455767262643882
GHILNKWBALQPDP-UHFFFAOYSA-N	0.8455767262643882
GHILNKWBALQPDP-UHFFFAOYSA-N	1.0
GHILNKWBALQPDP-UHFFFAOYSA-N	1.0
GHILNKWBALQPDP-UHFFFAOYSA-N	0.8455767262643882
GHILNKWBALQPDP-UHFFFAOYSA-N	0.8455767262643882
GHILNKWBALQPDP-UHFFFAOYSA-N	1.0
GHILNKWBALQPDP-UHFFFAOYSA-N	0.8455767262643882
GHILNKWBALQPDP-UHFFFAOYSA-N	0.8455767262643882
GHILNKWBALQPDP-UHFFFAOYSA-N	1.0
GHILNKWBALQPDP-UHFFFAOYSA-N	0.8660254037844386
GHILNKWBALQPDP-UHFFFAOYSA-N	0.8455767262643882
GHILNKWBALQPDP-UHFFFAOYSA-N	0.8455767262643882
NKQYHZABKBYUMX-UHFFFAOYSA-N	0.0
NKQYHZABKBYUMX-UHFFFAOYSA-N	0.0
NKQYHZABKBYUMX-UHFFFAOYSA-N	0.0
NKQYHZABKBYUMX-UHFFFAOYSA-N	0.4524050504474167
NKQYHZABKBYUMX-UHFFFAOYSA-N	0.4400923978908505
NKQYHZABKBYUMX-UHFFFAOYSA-N	0.2702427344650278
NKQYHZABKBYUMX-UHFFFAOYSA-N	0.4400923978908505
NKQYHZABKBYUMX-UHFFFAOYSA-N	0.0
NKQYHZABKBYUMX-UHFFFAOYSA-N	0.0
NKQYHZABKBYUMX-UHFFFAOYSA-N	1.0
NKQYHZABKBYUMX-UHFFFAOYSA-N	1.0
NKQYHZABKBYUMX-UHFFFAOYSA-N	0.0
NKQYHZABKBYUMX-UHFFFAOYSA-N	0.33011264588676237
NKQYHZABKBYUMX-UHFFFAOYSA-N	0.5837910292321781
NKQYHZABKBYUMX-UHFFFAOYSA-N	0.33011264588676237
NKQYHZABKBYUMX-UHFFFAOYSA-N	0.6561673228343176
NKQYHZABKBYUMX-UHFFFAOYSA-N	0.9229582069908971
NKQYHZABKBYUMX-UHFFFAOYSA-N	1.0
NKQYHZABKBYUMX-UHFFFAOYSA-N	0.0
NKQYHZABKBYUMX-UHFFFAOYSA-N	0.33011264588676237
NKQYHZABKBYUMX-UHFFFAOYSA-N	0.5837910292321781
NKQYHZABKBYUMX-UHFFFAOYSA-N	0.33011264588676237
NKQYHZABKBYUMX-UHFFFAOYSA-N	0.6561673228343176
NKQYHZABKBYUMX-UHFFFAOYSA-N	0.9229582069908971
NKQYHZABKBYUMX-UHFFFAOYSA-N	0.0
NKQYHZABKBYUMX-UHFFFAOYSA-N	0.33011264588676237
NKQYHZABKBYUMX-UHFFFAOYSA-N	0.5837910292321781
NKQYHZABKBYUMX-UHFFFAOYSA-N	0.33011264588676237
NKQYHZABKBYUMX-UHFFFAOYSA-N	0.6561673228343176
NKQYHZABKBYUMX-UHFFFAOYSA-N	0.9229582069908971
NKQYHZABKBYUMX-UHFFFAOYSA-N	0.6614378277661477
NKQYHZABKBYUMX-UHFFFAOYSA-N	0.5
NKQYHZABKBYUMX-UHFFFAOYSA-N	0.6614378277661477
NKQYHZABKBYUMX-UHFFFAOYSA-N	0.0
NKQYHZABKBYUMX-UHFFFAOYSA-N	0.0
NKQYHZABKBYUMX-UHFFFAOYSA-N	0.5400617248673216
NKQYHZABKBYUMX-UHFFFAOYSA-N	1.0
NKQYHZABKBYUMX-UHFFFAOYSA-N	0.3405665528543238
NKQYHZABKBYUMX-UHFFFAOYSA-N	0.3367215619119308
NKQYHZABKBYUMX-UHFFFAOYSA-N	0.5400617248673216
NKQYHZABKBYUMX-UHFFFAOYSA-N	0.5986429632392729
NKQYHZABKBYUMX-UHFFFAOYSA-N	0.5920818333945886
NKQYHZABKBYUMX-UHFFFAOYSA-N	0.3405665528543238
NKQYHZABKBYUMX-UHFFFAOYSA-N	0.3367215619119308
NKQYHZABKBYUMX-UHFFFAOYSA-N	0.6972166887783963
PGNLXEBQMQHFNK-SJORKVTESA-N	0.625887017396034
PGNLXEBQMQHFNK-SJORKVTESA-N	1.0
PGNLXEBQMQHFNK-SJORKVTESA-N	0.7960525319975018
PGNLXEBQMQHFNK-SJORKVTESA-N	0.7812422839125129
PGNLXEBQMQHFNK-SJORKVTESA-N	0.7829687883030779
PGNLXEBQMQHFNK-SJORKVTESA-N	0.8095078939102635
PGNLXEBQMQHFNK-SJORKVTESA-N	0.6842908506285673
PGNLXEBQMQHFNK-SJORKVTESA-N	0.6288517674735005
PGNLXEBQMQHFNK-SJORKVTESA-N	0.7812422839125129
PGNLXEBQMQHFNK-SJORKVTESA-N	0.625887017396034
PGNLXEBQMQHFNK-SJORKVTESA-N	0.5066580201425446
PGNLXEBQMQHFNK-SJORKVTESA-N	0.49006241898380143
PGNLXEBQMQHFNK-SJORKVTESA-N	0.49179132298613454
PGNLXEBQMQHFNK-SJORKVTESA-N	0.5070619820727815
PGNLXEBQMQHFNK-SJORKVTESA-N	0.43476014481630426
PGNLXEBQMQHFNK-SJORKVTESA-N	0.39392410830924984
PGNLXEBQMQHFNK-SJORKVTESA-N	0.49006241898380143
PGNLXEBQMQHFNK-SJORKVTESA-N	0.7960525319975018
PGNLXEBQMQHFNK-SJORKVTESA-N	0.7812422839125129
PGNLXEBQMQHFNK-SJORKVTESA-N	0.7829687883030779
PGNLXEBQMQHFNK-SJORKVTESA-N	0.8095078939102635
PGNLXEBQMQHFNK-SJORKVTESA-N	0.6842908506285673
PGNLXEBQMQHFNK-SJORKVTESA-N	0.6288517674735005
PGNLXEBQMQHFNK-SJORKVTESA-N	0.7812422839125129
PGNLXEBQMQHFNK-SJORKVTESA-N	0.7688792876859812
PGNLXEBQMQHFNK-SJORKVTESA-N	0.7697035801996589
PGNLXEBQMQHFNK-SJORKVTESA-N	0.9769100976900195
PGNLXEBQMQHFNK-SJORKVTESA-N	0.6720089456432812
PGNLXEBQMQHFNK-SJORKVTESA-N	0.615281584781658
PGNLXEBQMQHFNK-SJORKVTESA-N	0.7688792876859812
PGNLXEBQMQHFNK-SJORKVTESA-N	0.7824607964359516
PGNLXEBQMQHFNK-SJORKVTESA-N	0.7793242953651306
PGNLXEBQMQHFNK-SJORKVTESA-N	0.6641640953696845
PGNLXEBQMQHFNK-SJORKVTESA-N	0.7432233529572065
PGNLXEBQMQHFNK-SJORKVTESA-N	1.0
PGNLXEBQMQHFNK-SJORKVTESA-N	0.7816658711229864
PGNLXEBQMQHFNK-SJORKVTESA-N	0.6682815834102229
PGNLXEBQMQHFNK-SJORKVTESA-N	0.60648711266326
PGNLXEBQMQHFNK-SJORKVTESA-N	0.7824607964359516
PGNLXEBQMQHFNK-SJORKVTESA-N	0.680796909683374
PGNLXEBQMQHFNK-SJORKVTESA-N	0.625357040874594
PGNLXEBQMQHFNK-SJORKVTESA-N	0.7793242953651306
PGNLXEBQMQHFNK-SJORKVTESA-N	0.6105003052502289
PGNLXEBQMQHFNK-SJORKVTESA-N	0.6641640953696845
PGNLXEBQMQHFNK-SJORKVTESA-N	0.7432233529572065
DTCZNKWBDTXEBS-UHFFFAOYSA-N	0.6529308868367384
DTCZNKWBDTXEBS-UHFFFAOYSA-N	0.4486230335845745
DTCZNKWBDTXEBS-UHFFFAOYSA-N	0.4486230335845745
DTCZNKWBDTXEBS-UHFFFAOYSA-N	0.4486230335845745
DTCZNKWBDTXEBS-UHFFFAOYSA-N	0.6629526173411688
DTCZNKWBDTXEBS-UHFFFAOYSA-N	0.6529308868367384
DTCZNKWBDTXEBS-UHFFFAOYSA-N	0.6529308868367384
DTCZNKWBDTXEBS-UHFFFAOYSA-N	0.4486230335845745
DTCZNKWBDTXEBS-UHFFFAOYSA-N	0.4486230335845745
DTCZNKWBDTXEBS-UHFFFAOYSA-N	0.4540548699395536
DTCZNKWBDTXEBS-UHFFFAOYSA-N	0.4540548699395536
DTCZNKWBDTXEBS-UHFFFAOYSA-N	0.4540548699395536
DTCZNKWBDTXEBS-UHFFFAOYSA-N	0.6862281624278407
DTCZNKWBDTXEBS-UHFFFAOYSA-N	1.0
DTCZNKWBDTXEBS-UHFFFAOYSA-N	1.0
DTCZNKWBDTXEBS-UHFFFAOYSA-N	0.4540548699395536
DTCZNKWBDTXEBS-UHFFFAOYSA-N	0.4540548699395536
DTCZNKWBDTXEBS-UHFFFAOYSA-N	1.0
DTCZNKWBDTXEBS-UHFFFAOYSA-N	1.0
DTCZNKWBDTXEBS-UHFFFAOYSA-N	0.4588266399435473
DTCZNKWBDTXEBS-UHFFFAOYSA-N	0.4540548699395536
DTCZNKWBDTXEBS-UHFFFAOYSA-N	0.4540548699395536
DTCZNKWBDTXEBS-UHFFFAOYSA-N	1.0
DTCZNKWBDTXEBS-UHFFFAOYSA-N	1.0
DTCZNKWBDTXEBS-UHFFFAOYSA-N	1.0
DTCZNKWBDTXEBS-UHFFFAOYSA-N	0.4588266399435473
DTCZNKWBDTXEBS-UHFFFAOYSA-N	0.4540548699395536
DTCZNKWBDTXEBS-UHFFFAOYSA-N	0.4540548699395536
DTCZNKWBDTXEBS-UHFFFAOYSA-N	1.0
DTCZNKWBDTXEBS-UHFFFAOYSA-N	1.0
DTCZNKWBDTXEBS-UHFFFAOYSA-N	0.4588266399435473
DTCZNKWBDTXEBS-UHFFFAOYSA-N	0.4540548699395536
DTCZNKWBDTXEBS-UHFFFAOYSA-N	0.4540548699395536
DTCZNKWBDTXEBS-UHFFFAOYSA-N	1.0
DTCZNKWBDTXEBS-UHFFFAOYSA-N	1.0
DTCZNKWBDTXEBS-UHFFFAOYSA-N	0.6862281624278407
DTCZNKWBDTXEBS-UHFFFAOYSA-N	0.6862281624278407
DTCZNKWBDTXEBS-UHFFFAOYSA-N	0.4588266399435473
DTCZNKWBDTXEBS-UHFFFAOYSA-N	0.4588266399435473
DTCZNKWBDTXEBS-UHFFFAOYSA-N	1.0
DTCZNKWBDTXEBS-UHFFFAOYSA-N	0.4540548699395536
DTCZNKWBDTXEBS-UHFFFAOYSA-N	0.4540548699395536
DTCZNKWBDTXEBS-UHFFFAOYSA-N	0.4540548699395536
DTCZNKWBDTXEBS-UHFFFAOYSA-N	0.4540548699395536
DTCZNKWBDTXEBS-UHFFFAOYSA-N	1.0
BDQCDIWFPIDPQU-UHFFFAOYSA-N	0.7140251625629934
BDQCDIWFPIDPQU-UHFFFAOYSA-N	0.7140251625629934
BDQCDIWFPIDPQU-UHFFFAOYSA-N	0.7140251625629934
BDQCDIWFPIDPQU-UHFFFAOYSA-N	0.8093207028119322
BDQCDIWFPIDPQU-UHFFFAOYSA-N	0.567377286270616
BDQCDIWFPIDPQU-UHFFFAOYSA-N	0.39222128322415856
BDQCDIWFPIDPQU-UHFFFAOYSA-N	0.3973300246135242
BDQCDIWFPIDPQU-UHFFFAOYSA-N	0.7094993697969696
BDQCDIWFPIDPQU-UHFFFAOYSA-N	0.3943579684536794
BDQCDIWFPIDPQU-UHFFFAOYSA-N	1.0
BDQCDIWFPIDPQU-UHFFFAOYSA-N	1.0
BDQCDIWFPIDPQU-UHFFFAOYSA-N	0.8497618714058887
BDQCDIWFPIDPQU-UHFFFAOYSA-N	0.7061510820280251
BDQCDIWFPIDPQU-UHFFFAOYSA-N	0.5787964158538743
BDQCDIWFPIDPQU-UHFFFAOYSA-N	0.5747294432866648
BDQCDIWFPIDPQU-UHFFFAOYSA-N	0.8386857057567941
BDQCDIWFPIDPQU-UHFFFAOYSA-N	0.5708497950741116
BDQCDIWFPIDPQU-UHFFFAOYSA-N	1.0
BDQCDIWFPIDPQU-UHFFFAOYSA-N	0.8497618714058887
BDQCDIWFPIDPQU-UHFFFAOYSA-N	0.7061510820280251
BDQCDIWFPIDPQU-UHFFFAOYSA-N	0.5787964158538743
BDQCDIWFPIDPQU-UHFFFAOYSA-N	0.5747294432866648
BDQCDIWFPIDPQU-UHFFFAOYSA-N	0.8386857057567941
BDQCDIWFPIDPQU-UHFFFAOYSA-N	0.5708497950741116
BDQCDIWFPIDPQU-UHFFFAOYSA-N	0.8497618714058887
BDQCDIWFPIDPQU-UHFFFAOYSA-N	0.7061510820280251
BDQCDIWFPIDPQU-UHFFFAOYSA-N	0.5787964158538743
BDQCDIWFPIDPQU-UHFFFAOYSA-N	0.5747294432866648
BDQCDIWFPIDPQU-UHFFFAOYSA-N	0.8386857057567941
BDQCDIWFPIDPQU-UHFFFAOYSA-N	0.5708497950741116
BDQCDIWFPIDPQU-UHFFFAOYSA-N	0.7368236498030521
BDQCDIWFPIDPQU-UHFFFAOYSA-N	0.600099198148979
BDQCDIWFPIDPQU-UHFFFAOYSA-N	0.6057266395865067
BDQCDIWFPIDPQU-UHFFFAOYSA-N	0.8701663878153765
BDQCDIWFPIDPQU-UHFFFAOYSA-N	0.5986094998689324
BDQCDIWFPIDPQU-UHFFFAOYSA-N	0.4069474424782078
BDQCDIWFPIDPQU-UHFFFAOYSA-N	0.4125430387952577
BDQCDIWFPIDPQU-UHFFFAOYSA-N	0.7216039219971244
BDQCDIWFPIDPQU-UHFFFAOYSA-N	0.4091517600334821
BDQCDIWFPIDPQU-UHFFFAOYSA-N	0.8725077886585547
BDQCDIWFPIDPQU-UHFFFAOYSA-N	0.5969838079696151
BDQCDIWFPIDPQU-UHFFFAOYSA-N	0.8637312927246217
BDQCDIWFPIDPQU-UHFFFAOYSA-N	0.5918788496588756
BDQCDIWFPIDPQU-UHFFFAOYSA-N	0.8765009801785553
BDQCDIWFPIDPQU-UHFFFAOYSA-N	0.5854071446903141
PGSOTMWBSCIDRF-UHFFFAOYSA-N	0.9692233691951198
PGSOTMWBSCIDRF-UHFFFAOYSA-N	0.7981459998252431
PGSOTMWBSCIDRF-UHFFFAOYSA-N	0.5126223393314642
PGSOTMWBSCIDRF-UHFFFAOYSA-N	0.828665427378592
PGSOTMWBSCIDRF-UHFFFAOYSA-N	0.769985384846682
PGSOTMWBSCIDRF-UHFFFAOYSA-N	0.8096261516863851
PGSOTMWBSCIDRF-UHFFFAOYSA-N	0.8096261516863851
PGSOTMWBSCIDRF-UHFFFAOYSA-N	0.769985384846682
PGSOTMWBSCIDRF-UHFFFAOYSA-N	0.7981459998252431
PGSOTMWBSCIDRF-UHFFFAOYSA-N	0.771722460186015
PGSOTMWBSCIDRF-UHFFFAOYSA-N	0.5001424298561862
PGSOTMWBSCIDRF-UHFFFAOYSA-N	0.8096261516863851
PGSOTMWBSCIDRF-UHFFFAOYSA-N	0.7512426698350764
PGSOTMWBSCIDRF-UHFFFAOYSA-N	0.8337434888070822
PGSOTMWBSCIDRF-UHFFFAOYSA-N	0.8337434888070822
PGSOTMWBSCIDRF-UHFFFAOYSA-N	0.7512426698350764
PGSOTMWBSCIDRF-UHFFFAOYSA-N	0.771722460186015
PGSOTMWBSCIDRF-UHFFFAOYSA-N	0.5099019513592785
PGSOTMWBSCIDRF-UHFFFAOYSA-N	0.6582805886043833
PGSOTMWBSCIDRF-UHFFFAOYSA-N	0.7706746355884525
PGSOTMWBSCIDRF-UHFFFAOYSA-N	0.6425110993753437
PGSOTMWBSCIDRF-UHFFFAOYSA-N	0.6425110993753437
PGSOTMWBSCIDRF-UHFFFAOYSA-N	0.7706746355884525
PGSOTMWBSCIDRF-UHFFFAOYSA-N	1.0
PGSOTMWBSCIDRF-UHFFFAOYSA-N	0.6805782932086603
PGSOTMWBSCIDRF-UHFFFAOYSA-N	0.7909747313543117
PGSOTMWBSCIDRF-UHFFFAOYSA-N	0.665896991597652
PGSOTMWBSCIDRF-UHFFFAOYSA-N	0.665896991597652
PGSOTMWBSCIDRF-UHFFFAOYSA-N	0.7909747313543117
PGSOTMWBSCIDRF-UHFFFAOYSA-N	0.5099019513592785
PGSOTMWBSCIDRF-UHFFFAOYSA-N	0.8593378488473195
PGSOTMWBSCIDRF-UHFFFAOYSA-N	0.9801960588196068
PGSOTMWBSCIDRF-UHFFFAOYSA-N	0.9801960588196068
PGSOTMWBSCIDRF-UHFFFAOYSA-N	0.8593378488473195
PGSOTMWBSCIDRF-UHFFFAOYSA-N	0.6582805886043833
PGSOTMWBSCIDRF-UHFFFAOYSA-N	0.8413873616282171
PGSOTMWBSCIDRF-UHFFFAOYSA-N	0.8413873616282171
PGSOTMWBSCIDRF-UHFFFAOYSA-N	1.0
PGSOTMWBSCIDRF-UHFFFAOYSA-N	0.7706746355884525
PGSOTMWBSCIDRF-UHFFFAOYSA-N	1.0
PGSOTMWBSCIDRF-UHFFFAOYSA-N	0.8413873616282171
PGSOTMWBSCIDRF-UHFFFAOYSA-N	0.6425110993753437
PGSOTMWBSCIDRF-UHFFFAOYSA-N	0.8413873616282171
PGSOTMWBSCIDRF-UHFFFAOYSA-N	0.6425110993753437
PGSOTMWBSCIDRF-UHFFFAOYSA-N	0.7706746355884525
BWINBHTTZLVXGT-NVXWUHKLSA-N	0.9920317455237933
BWINBHTTZLVXGT-NVXWUHKLSA-N	0.3857038193581135
BWINBHTTZLVXGT-NVXWUHKLSA-N	0.4152637446142349
BWINBHTTZLVXGT-NVXWUHKLSA-N	0.3866690923942422
BWINBHTTZLVXGT-NVXWUHKLSA-N	0.0
BWINBHTTZLVXGT-NVXWUHKLSA-N	0.41537487555480485
BWINBHTTZLVXGT-NVXWUHKLSA-N	0.4152637446142349
BWINBHTTZLVXGT-NVXWUHKLSA-N	0.4152637446142349
BWINBHTTZLVXGT-NVXWUHKLSA-N	0.4152637446142349
BWINBHTTZLVXGT-NVXWUHKLSA-N	0.3913118960624632
BWINBHTTZLVXGT-NVXWUHKLSA-N	0.4204301057492165
BWINBHTTZLVXGT-NVXWUHKLSA-N	0.3890235027787983
BWINBHTTZLVXGT-NVXWUHKLSA-N	0.0
BWINBHTTZLVXGT-NVXWUHKLSA-N	0.4152637446142349
BWINBHTTZLVXGT-NVXWUHKLSA-N	0.4204301057492165
BWINBHTTZLVXGT-NVXWUHKLSA-N	0.4204301057492165
BWINBHTTZLVXGT-NVXWUHKLSA-N	0.4204301057492165
BWINBHTTZLVXGT-NVXWUHKLSA-N	0.38697621702723567
BWINBHTTZLVXGT-NVXWUHKLSA-N	0.7600251540449776
BWINBHTTZLVXGT-NVXWUHKLSA-N	0.5508193369639184
BWINBHTTZLVXGT-NVXWUHKLSA-N	0.3822116735072009
BWINBHTTZLVXGT-NVXWUHKLSA-N	0.38697621702723567
BWINBHTTZLVXGT-NVXWUHKLSA-N	0.38697621702723567
BWINBHTTZLVXGT-NVXWUHKLSA-N	0.38697621702723567
BWINBHTTZLVXGT-NVXWUHKLSA-N	0.3887663847024277
BWINBHTTZLVXGT-NVXWUHKLSA-N	0.0
BWINBHTTZLVXGT-NVXWUHKLSA-N	0.9952267030562386
BWINBHTTZLVXGT-NVXWUHKLSA-N	1.0
BWINBHTTZLVXGT-NVXWUHKLSA-N	1.0
BWINBHTTZLVXGT-NVXWUHKLSA-N	1.0
BWINBHTTZLVXGT-NVXWUHKLSA-N	0.810037185488745
BWINBHTTZLVXGT-NVXWUHKLSA-N	0.38689800766484483
BWINBHTTZLVXGT-NVXWUHKLSA-N	0.3887663847024277
BWINBHTTZLVXGT-NVXWUHKLSA-N	0.3887663847024277
BWINBHTTZLVXGT-NVXWUHKLSA-N	0.3887663847024277
BWINBHTTZLVXGT-NVXWUHKLSA-N	0.0
BWINBHTTZLVXGT-NVXWUHKLSA-N	0.0
BWINBHTTZLVXGT-NVXWUHKLSA-N	0.0
BWINBHTTZLVXGT-NVXWUHKLSA-N	0.0
BWINBHTTZLVXGT-NVXWUHKLSA-N	0.9952267030562386
BWINBHTTZLVXGT-NVXWUHKLSA-N	0.9952267030562386
BWINBHTTZLVXGT-NVXWUHKLSA-N	0.9952267030562386
BWINBHTTZLVXGT-NVXWUHKLSA-N	1.0
BWINBHTTZLVXGT-NVXWUHKLSA-N	1.0
BWINBHTTZLVXGT-NVXWUHKLSA-N	1.0
DUCJUKZQSRPECI-UHFFFAOYSA-N	0.6942221866552843
DUCJUKZQSRPECI-UHFFFAOYSA-N	0.6942221866552843
DUCJUKZQSRPECI-UHFFFAOYSA-N	0.6942221866552843
DUCJUKZQSRPECI-UHFFFAOYSA-N	0.6942221866552843
DUCJUKZQSRPECI-UHFFFAOYSA-N	0.6942221866552843
DUCJUKZQSRPECI-UHFFFAOYSA-N	0.816496580927726
DUCJUKZQSRPECI-UHFFFAOYSA-N	0.6942221866552843
DUCJUKZQSRPECI-UHFFFAOYSA-N	0.816496580927726
DUCJUKZQSRPECI-UHFFFAOYSA-N	0.816496580927726
DUCJUKZQSRPECI-UHFFFAOYSA-N	0.8660254037844386
DUCJUKZQSRPECI-UHFFFAOYSA-N	0.8660254037844386
DUCJUKZQSRPECI-UHFFFAOYSA-N	0.8660254037844386
DUCJUKZQSRPECI-UHFFFAOYSA-N	0.8660254037844386
DUCJUKZQSRPECI-UHFFFAOYSA-N	0.6942221866552843
DUCJUKZQSRPECI-UHFFFAOYSA-N	0.8660254037844386
DUCJUKZQSRPECI-UHFFFAOYSA-N	0.6942221866552843
DUCJUKZQSRPECI-UHFFFAOYSA-N	0.6942221866552843
DUCJUKZQSRPECI-UHFFFAOYSA-N	0.8660254037844386
DUCJUKZQSRPECI-UHFFFAOYSA-N	0.8660254037844386
DUCJUKZQSRPECI-UHFFFAOYSA-N	0.8660254037844386
DUCJUKZQSRPECI-UHFFFAOYSA-N	0.6942221866552843
DUCJUKZQSRPECI-UHFFFAOYSA-N	0.8660254037844386
DUCJUKZQSRPECI-UHFFFAOYSA-N	0.6942221866552843
DUCJUKZQSRPECI-UHFFFAOYSA-N	0.6942221866552843
DUCJUKZQSRPECI-UHFFFAOYSA-N	0.8660254037844386
DUCJUKZQSRPECI-UHFFFAOYSA-N	0.8660254037844386
DUCJUKZQSRPECI-UHFFFAOYSA-N	0.6942221866552843
DUCJUKZQSRPECI-UHFFFAOYSA-N	0.8660254037844386
DUCJUKZQSRPECI-UHFFFAOYSA-N	0.6942221866552843
DUCJUKZQSRPECI-UHFFFAOYSA-N	0.6942221866552843
DUCJUKZQSRPECI-UHFFFAOYSA-N	0.8660254037844386
DUCJUKZQSRPECI-UHFFFAOYSA-N	0.6942221866552843
DUCJUKZQSRPECI-UHFFFAOYSA-N	0.8660254037844386
DUCJUKZQSRPECI-UHFFFAOYSA-N	0.6942221866552843
DUCJUKZQSRPECI-UHFFFAOYSA-N	0.6942221866552843
DUCJUKZQSRPECI-UHFFFAOYSA-N	0.6942221866552843
DUCJUKZQSRPECI-UHFFFAOYSA-N	0.8660254037844386
DUCJUKZQSRPECI-UHFFFAOYSA-N	0.6942221866552843
DUCJUKZQSRPECI-UHFFFAOYSA-N	0.6942221866552843
DUCJUKZQSRPECI-UHFFFAOYSA-N	0.6942221866552843
DUCJUKZQSRPECI-UHFFFAOYSA-N	0.816496580927726
DUCJUKZQSRPECI-UHFFFAOYSA-N	0.816496580927726
DUCJUKZQSRPECI-UHFFFAOYSA-N	0.6942221866552843
DUCJUKZQSRPECI-UHFFFAOYSA-N	0.6942221866552843
DUCJUKZQSRPECI-UHFFFAOYSA-N	0.816496580927726
BKBNOJAMNMVBKA-CHQNGUEUSA-N	1.0
BKBNOJAMNMVBKA-CHQNGUEUSA-N	1.0
BKBNOJAMNMVBKA-CHQNGUEUSA-N	0.0
BKBNOJAMNMVBKA-CHQNGUEUSA-N	0.0
BKBNOJAMNMVBKA-CHQNGUEUSA-N	0.0
BKBNOJAMNMVBKA-CHQNGUEUSA-N	0.4553940061391401
BKBNOJAMNMVBKA-CHQNGUEUSA-N	0.4553940061391401
BKBNOJAMNMVBKA-CHQNGUEUSA-N	0.4553940061391401
BKBNOJAMNMVBKA-CHQNGUEUSA-N	0.5873748592016685
BKBNOJAMNMVBKA-CHQNGUEUSA-N	1.0
BKBNOJAMNMVBKA-CHQNGUEUSA-N	0.0
BKBNOJAMNMVBKA-CHQNGUEUSA-N	0.0
BKBNOJAMNMVBKA-CHQNGUEUSA-N	0.0
BKBNOJAMNMVBKA-CHQNGUEUSA-N	0.4553940061391401
BKBNOJAMNMVBKA-CHQNGUEUSA-N	0.4553940061391401
BKBNOJAMNMVBKA-CHQNGUEUSA-N	0.4553940061391401
BKBNOJAMNMVBKA-CHQNGUEUSA-N	0.5873748592016685
BKBNOJAMNMVBKA-CHQNGUEUSA-N	0.0
BKBNOJAMNMVBKA-CHQNGUEUSA-N	0.0
BKBNOJAMNMVBKA-CHQNGUEUSA-N	0.0
BKBNOJAMNMVBKA-CHQNGUEUSA-N	0.4553940061391401
BKBNOJAMNMVBKA-CHQNGUEUSA-N	0.4553940061391401
BKBNOJAMNMVBKA-CHQNGUEUSA-N	0.4553940061391401
BKBNOJAMNMVBKA-CHQNGUEUSA-N	0.5873748592016685
BKBNOJAMNMVBKA-CHQNGUEUSA-N	1.0
BKBNOJAMNMVBKA-CHQNGUEUSA-N	1.0
BKBNOJAMNMVBKA-CHQNGUEUSA-N	0.0
BKBNOJAMNMVBKA-CHQNGUEUSA-N	0.0
BKBNOJAMNMVBKA-CHQNGUEUSA-N	0.0
BKBNOJAMNMVBKA-CHQNGUEUSA-N	0.0
BKBNOJAMNMVBKA-CHQNGUEUSA-N	1.0
BKBNOJAMNMVBKA-CHQNGUEUSA-N	0.0
BKBNOJAMNMVBKA-CHQNGUEUSA-N	0.0
BKBNOJAMNMVBKA-CHQNGUEUSA-N	0.0
BKBNOJAMNMVBKA-CHQNGUEUSA-N	0.0
BKBNOJAMNMVBKA-CHQNGUEUSA-N	0.0
BKBNOJAMNMVBKA-CHQNGUEUSA-N	0.0
BKBNOJAMNMVBKA-CHQNGUEUSA-N	0.0
BKBNOJAMNMVBKA-CHQNGUEUSA-N	0.0
BKBNOJAMNMVBKA-CHQNGUEUSA-N	1.0
BKBNOJAMNMVBKA-CHQNGUEUSA-N	1.0
BKBNOJAMNMVBKA-CHQNGUEUSA-N	0.7951438305118639
BKBNOJAMNMVBKA-CHQNGUEUSA-N	1.0
BKBNOJAMNMVBKA-CHQNGUEUSA-N	0.7951438305118639
BKBNOJAMNMVBKA-CHQNGUEUSA-N	0.7951438305118639
AGOWMJFPYPUNRF-UHFFFAOYSA-N	0.31643684224861546
AGOWMJFPYPUNRF-UHFFFAOYSA-N	0.3466391930505409
AGOWMJFPYPUNRF-UHFFFAOYSA-N	0.2922467506496969
AGOWMJFPYPUNRF-UHFFFAOYSA-N	0.31566256848549074
AGOWMJFPYPUNRF-UHFFFAOYSA-N	0.2703980017771569
AGOWMJFPYPUNRF-UHFFFAOYSA-N	0.2922467506496969
AGOWMJFPYPUNRF-UHFFFAOYSA-N	0.31566256848549074
AGOWMJFPYPUNRF-UHFFFAOYSA-N	0.3184445421214287
AGOWMJFPYPUNRF-UHFFFAOYSA-N	0.30808021668620644
AGOWMJFPYPUNRF-UHFFFAOYSA-N	0.9128709291752769
AGOWMJFPYPUNRF-UHFFFAOYSA-N	0.9180725150319787
AGOWMJFPYPUNRF-UHFFFAOYSA-N	0.9052317076000179
AGOWMJFPYPUNRF-UHFFFAOYSA-N	0.6964500951559524
AGOWMJFPYPUNRF-UHFFFAOYSA-N	0.9180725150319787
AGOWMJFPYPUNRF-UHFFFAOYSA-N	0.9052317076000179
AGOWMJFPYPUNRF-UHFFFAOYSA-N	0.7799572637865061
AGOWMJFPYPUNRF-UHFFFAOYSA-N	0.9674770822928597
AGOWMJFPYPUNRF-UHFFFAOYSA-N	0.8380817098475257
AGOWMJFPYPUNRF-UHFFFAOYSA-N	0.9052317076000179
AGOWMJFPYPUNRF-UHFFFAOYSA-N	0.6229239022819626
AGOWMJFPYPUNRF-UHFFFAOYSA-N	0.8380817098475257
AGOWMJFPYPUNRF-UHFFFAOYSA-N	0.9052317076000179
AGOWMJFPYPUNRF-UHFFFAOYSA-N	0.7799572637865061
AGOWMJFPYPUNRF-UHFFFAOYSA-N	0.8831817030684687
AGOWMJFPYPUNRF-UHFFFAOYSA-N	0.9258200997725514
AGOWMJFPYPUNRF-UHFFFAOYSA-N	0.7606388292556648
AGOWMJFPYPUNRF-UHFFFAOYSA-N	1.0
AGOWMJFPYPUNRF-UHFFFAOYSA-N	0.9258200997725514
AGOWMJFPYPUNRF-UHFFFAOYSA-N	0.8160676360171514
AGOWMJFPYPUNRF-UHFFFAOYSA-N	0.8904589641677749
AGOWMJFPYPUNRF-UHFFFAOYSA-N	0.6943650748294136
AGOWMJFPYPUNRF-UHFFFAOYSA-N	0.9258200997725514
AGOWMJFPYPUNRF-UHFFFAOYSA-N	1.0
AGOWMJFPYPUNRF-UHFFFAOYSA-N	0.8814537902316409
AGOWMJFPYPUNRF-UHFFFAOYSA-N	0.8780043792654665
AGOWMJFPYPUNRF-UHFFFAOYSA-N	0.7606388292556648
AGOWMJFPYPUNRF-UHFFFAOYSA-N	0.6943650748294136
AGOWMJFPYPUNRF-UHFFFAOYSA-N	0.7213670150279748
AGOWMJFPYPUNRF-UHFFFAOYSA-N	0.6733789077771545
AGOWMJFPYPUNRF-UHFFFAOYSA-N	0.9258200997725514
AGOWMJFPYPUNRF-UHFFFAOYSA-N	0.8160676360171514
AGOWMJFPYPUNRF-UHFFFAOYSA-N	0.8904589641677749
AGOWMJFPYPUNRF-UHFFFAOYSA-N	0.8814537902316409
AGOWMJFPYPUNRF-UHFFFAOYSA-N	0.8780043792654665
AGOWMJFPYPUNRF-UHFFFAOYSA-N	0.759536663738236
ILMBNGXIGGVYQY-UHFFFAOYSA-N	1.0
ILMBNGXIGGVYQY-UHFFFAOYSA-N	1.0
ILMBNGXIGGVYQY-UHFFFAOYSA-N	0.0
ILMBNGXIGGVYQY-UHFFFAOYSA-N	0.0
ILMBNGXIGGVYQY-UHFFFAOYSA-N	0.0
ILMBNGXIGGVYQY-UHFFFAOYSA-N	0.0
ILMBNGXIGGVYQY-UHFFFAOYSA-N	0.0
ILMBNGXIGGVYQY-UHFFFAOYSA-N	0.0
ILMBNGXIGGVYQY-UHFFFAOYSA-N	0.0
ILMBNGXIGGVYQY-UHFFFAOYSA-N	1.0
ILMBNGXIGGVYQY-UHFFFAOYSA-N	0.0
ILMBNGXIGGVYQY-UHFFFAOYSA-N	0.0
ILMBNGXIGGVYQY-UHFFFAOYSA-N	0.0
ILMBNGXIGGVYQY-UHFFFAOYSA-N	0.0
ILMBNGXIGGVYQY-UHFFFAOYSA-N	0.0
ILMBNGXIGGVYQY-UHFFFAOYSA-N	0.0
ILMBNGXIGGVYQY-UHFFFAOYSA-N	0.0
ILMBNGXIGGVYQY-UHFFFAOYSA-N	0.0
ILMBNGXIGGVYQY-UHFFFAOYSA-N	0.0
ILMBNGXIGGVYQY-UHFFFAOYSA-N	0.0
ILMBNGXIGGVYQY-UHFFFAOYSA-N	0.0
ILMBNGXIGGVYQY-UHFFFAOYSA-N	0.0
ILMBNGXIGGVYQY-UHFFFAOYSA-N	0.0
ILMBNGXIGGVYQY-UHFFFAOYSA-N	0.0
ILMBNGXIGGVYQY-UHFFFAOYSA-N	1.0
ILMBNGXIGGVYQY-UHFFFAOYSA-N	1.0
ILMBNGXIGGVYQY-UHFFFAOYSA-N	0.655204494255747
ILMBNGXIGGVYQY-UHFFFAOYSA-N	0.655204494255747
ILMBNGXIGGVYQY-UHFFFAOYSA-N	0.655204494255747
ILMBNGXIGGVYQY-UHFFFAOYSA-N	0.8063111936757618
ILMBNGXIGGVYQY-UHFFFAOYSA-N	1.0
ILMBNGXIGGVYQY-UHFFFAOYSA-N	0.655204494255747
ILMBNGXIGGVYQY-UHFFFAOYSA-N	0.655204494255747
ILMBNGXIGGVYQY-UHFFFAOYSA-N	0.655204494255747
ILMBNGXIGGVYQY-UHFFFAOYSA-N	0.8063111936757618
ILMBNGXIGGVYQY-UHFFFAOYSA-N	0.655204494255747
ILMBNGXIGGVYQY-UHFFFAOYSA-N	0.655204494255747
ILMBNGXIGGVYQY-UHFFFAOYSA-N	0.655204494255747
ILMBNGXIGGVYQY-UHFFFAOYSA-N	0.8063111936757618
ILMBNGXIGGVYQY-UHFFFAOYSA-N	1.0
ILMBNGXIGGVYQY-UHFFFAOYSA-N	1.0
ILMBNGXIGGVYQY-UHFFFAOYSA-N	0.7745966692414834
ILMBNGXIGGVYQY-UHFFFAOYSA-N	1.0
ILMBNGXIGGVYQY-UHFFFAOYSA-N	0.7745966692414834
ILMBNGXIGGVYQY-UHFFFAOYSA-N	0.7745966692414834
AXZKSUNGRDJIFL-UHFFFAOYSA-N	0.0
AXZKSUNGRDJIFL-UHFFFAOYSA-N	0.0
AXZKSUNGRDJIFL-UHFFFAOYSA-N	0.0
AXZKSUNGRDJIFL-UHFFFAOYSA-N	0.0
AXZKSUNGRDJIFL-UHFFFAOYSA-N	0.0
AXZKSUNGRDJIFL-UHFFFAOYSA-N	0.0
AXZKSUNGRDJIFL-UHFFFAOYSA-N	0.0
AXZKSUNGRDJIFL-UHFFFAOYSA-N	0.0
AXZKSUNGRDJIFL-UHFFFAOYSA-N	0.0
AXZKSUNGRDJIFL-UHFFFAOYSA-N	1.0
AXZKSUNGRDJIFL-UHFFFAOYSA-N	0.6582805886043833
AXZKSUNGRDJIFL-UHFFFAOYSA-N	0.9309493362512629
AXZKSUNGRDJIFL-UHFFFAOYSA-N	0.0
AXZKSUNGRDJIFL-UHFFFAOYSA-N	0.6855654600401043
AXZKSUNGRDJIFL-UHFFFAOYSA-N	0.6725927091345493
AXZKSUNGRDJIFL-UHFFFAOYSA-N	0.6855654600401043
AXZKSUNGRDJIFL-UHFFFAOYSA-N	0.6725927091345493
AXZKSUNGRDJIFL-UHFFFAOYSA-N	0.6582805886043833
AXZKSUNGRDJIFL-UHFFFAOYSA-N	0.9309493362512629
AXZKSUNGRDJIFL-UHFFFAOYSA-N	0.0
AXZKSUNGRDJIFL-UHFFFAOYSA-N	0.6855654600401043
AXZKSUNGRDJIFL-UHFFFAOYSA-N	0.6725927091345493
AXZKSUNGRDJIFL-UHFFFAOYSA-N	0.6855654600401043
AXZKSUNGRDJIFL-UHFFFAOYSA-N	0.6725927091345493
AXZKSUNGRDJIFL-UHFFFAOYSA-N	0.7071067811865476
AXZKSUNGRDJIFL-UHFFFAOYSA-N	0.0
AXZKSUNGRDJIFL-UHFFFAOYSA-N	0.6476453075908483
AXZKSUNGRDJIFL-UHFFFAOYSA-N	0.7071067811865476
AXZKSUNGRDJIFL-UHFFFAOYSA-N	0.6476453075908483
AXZKSUNGRDJIFL-UHFFFAOYSA-N	0.7071067811865476
AXZKSUNGRDJIFL-UHFFFAOYSA-N	0.0
AXZKSUNGRDJIFL-UHFFFAOYSA-N	0.6476453075908483
AXZKSUNGRDJIFL-UHFFFAOYSA-N	0.7071067811865476
AXZKSUNGRDJIFL-UHFFFAOYSA-N	0.6476453075908483
AXZKSUNGRDJIFL-UHFFFAOYSA-N	0.7071067811865476
AXZKSUNGRDJIFL-UHFFFAOYSA-N	0.0
AXZKSUNGRDJIFL-UHFFFAOYSA-N	0.0
AXZKSUNGRDJIFL-UHFFFAOYSA-N	0.0
AXZKSUNGRDJIFL-UHFFFAOYSA-N	0.0
AXZKSUNGRDJIFL-UHFFFAOYSA-N	0.6582805886043833
AXZKSUNGRDJIFL-UHFFFAOYSA-N	1.0
AXZKSUNGRDJIFL-UHFFFAOYSA-N	0.6582805886043833
AXZKSUNGRDJIFL-UHFFFAOYSA-N	0.6582805886043833
AXZKSUNGRDJIFL-UHFFFAOYSA-N	0.7071067811865476
AXZKSUNGRDJIFL-UHFFFAOYSA-N	0.6582805886043833
DTIIKYOMQTYQAK-UHFFFAOYSA-N	0.8087192961814407
DTIIKYOMQTYQAK-UHFFFAOYSA-N	0.805506893033019
DTIIKYOMQTYQAK-UHFFFAOYSA-N	0.8087192961814407
DTIIKYOMQTYQAK-UHFFFAOYSA-N	0.6229136299474684
DTIIKYOMQTYQAK-UHFFFAOYSA-N	0.7014118687516404
DTIIKYOMQTYQAK-UHFFFAOYSA-N	0.5723111976467625
DTIIKYOMQTYQAK-UHFFFAOYSA-N	0.7014118687516404
DTIIKYOMQTYQAK-UHFFFAOYSA-N	0.654852338379871
DTIIKYOMQTYQAK-UHFFFAOYSA-N	0.5727865357918389
DTIIKYOMQTYQAK-UHFFFAOYSA-N	0.996204919895622
DTIIKYOMQTYQAK-UHFFFAOYSA-N	1.0
DTIIKYOMQTYQAK-UHFFFAOYSA-N	0.7718835377206822
DTIIKYOMQTYQAK-UHFFFAOYSA-N	0.8660254037844386
DTIIKYOMQTYQAK-UHFFFAOYSA-N	0.7071067811865476
DTIIKYOMQTYQAK-UHFFFAOYSA-N	0.8660254037844386
DTIIKYOMQTYQAK-UHFFFAOYSA-N	0.6610297773421231
DTIIKYOMQTYQAK-UHFFFAOYSA-N	0.5803865864260312
DTIIKYOMQTYQAK-UHFFFAOYSA-N	0.996204919895622
DTIIKYOMQTYQAK-UHFFFAOYSA-N	0.7745966692414834
DTIIKYOMQTYQAK-UHFFFAOYSA-N	0.8603834844182798
DTIIKYOMQTYQAK-UHFFFAOYSA-N	0.704630042294179
DTIIKYOMQTYQAK-UHFFFAOYSA-N	0.8603834844182798
DTIIKYOMQTYQAK-UHFFFAOYSA-N	0.6520624318844944
DTIIKYOMQTYQAK-UHFFFAOYSA-N	0.5712798486541535
DTIIKYOMQTYQAK-UHFFFAOYSA-N	0.7718835377206822
DTIIKYOMQTYQAK-UHFFFAOYSA-N	0.8660254037844386
DTIIKYOMQTYQAK-UHFFFAOYSA-N	0.7071067811865476
DTIIKYOMQTYQAK-UHFFFAOYSA-N	0.8660254037844386
DTIIKYOMQTYQAK-UHFFFAOYSA-N	0.6610297773421231
DTIIKYOMQTYQAK-UHFFFAOYSA-N	0.5803865864260312
DTIIKYOMQTYQAK-UHFFFAOYSA-N	0.7698878312632774
DTIIKYOMQTYQAK-UHFFFAOYSA-N	0.8138413004619895
DTIIKYOMQTYQAK-UHFFFAOYSA-N	0.7698878312632774
DTIIKYOMQTYQAK-UHFFFAOYSA-N	0.5852946401643448
DTIIKYOMQTYQAK-UHFFFAOYSA-N	0.5740144036961302
DTIIKYOMQTYQAK-UHFFFAOYSA-N	0.7071067811865476
DTIIKYOMQTYQAK-UHFFFAOYSA-N	0.8660254037844386
DTIIKYOMQTYQAK-UHFFFAOYSA-N	0.6663068139014751
DTIIKYOMQTYQAK-UHFFFAOYSA-N	0.5860854089436129
DTIIKYOMQTYQAK-UHFFFAOYSA-N	0.7071067811865476
DTIIKYOMQTYQAK-UHFFFAOYSA-N	0.5420138868247634
DTIIKYOMQTYQAK-UHFFFAOYSA-N	0.5325700277791434
DTIIKYOMQTYQAK-UHFFFAOYSA-N	0.6663068139014751
DTIIKYOMQTYQAK-UHFFFAOYSA-N	0.5860854089436129
DTIIKYOMQTYQAK-UHFFFAOYSA-N	0.8640987597877147
VEJPLARLFWIYNM-UHFFFAOYSA-N	0.0
VEJPLARLFWIYNM-UHFFFAOYSA-N	0.0
VEJPLARLFWIYNM-UHFFFAOYSA-N	1.0
VEJPLARLFWIYNM-UHFFFAOYSA-N	0.0
VEJPLARLFWIYNM-UHFFFAOYSA-N	0.0
VEJPLARLFWIYNM-UHFFFAOYSA-N	0.0
VEJPLARLFWIYNM-UHFFFAOYSA-N	0.0
VEJPLARLFWIYNM-UHFFFAOYSA-N	0.0
VEJPLARLFWIYNM-UHFFFAOYSA-N	0.0
VEJPLARLFWIYNM-UHFFFAOYSA-N	0.0
VEJPLARLFWIYNM-UHFFFAOYSA-N	0.0
VEJPLARLFWIYNM-UHFFFAOYSA-N	0.0
VEJPLARLFWIYNM-UHFFFAOYSA-N	0.0
VEJPLARLFWIYNM-UHFFFAOYSA-N	0.0
VEJPLARLFWIYNM-UHFFFAOYSA-N	0.0
VEJPLARLFWIYNM-UHFFFAOYSA-N	0.0
VEJPLARLFWIYNM-UHFFFAOYSA-N	0.3944053188733077
VEJPLARLFWIYNM-UHFFFAOYSA-N	0.0
VEJPLARLFWIYNM-UHFFFAOYSA-N	0.0
VEJPLARLFWIYNM-UHFFFAOYSA-N	0.0
VEJPLARLFWIYNM-UHFFFAOYSA-N	0.0
VEJPLARLFWIYNM-UHFFFAOYSA-N	0.0
VEJPLARLFWIYNM-UHFFFAOYSA-N	0.0
VEJPLARLFWIYNM-UHFFFAOYSA-N	0.0
VEJPLARLFWIYNM-UHFFFAOYSA-N	0.0
VEJPLARLFWIYNM-UHFFFAOYSA-N	0.0
VEJPLARLFWIYNM-UHFFFAOYSA-N	0.0
VEJPLARLFWIYNM-UHFFFAOYSA-N	0.0
VEJPLARLFWIYNM-UHFFFAOYSA-N	0.0
VEJPLARLFWIYNM-UHFFFAOYSA-N	0.0
VEJPLARLFWIYNM-UHFFFAOYSA-N	0.6208193510729725
VEJPLARLFWIYNM-UHFFFAOYSA-N	0.6208193510729725
VEJPLARLFWIYNM-UHFFFAOYSA-N	0.6208193510729725
VEJPLARLFWIYNM-UHFFFAOYSA-N	0.6208193510729725
VEJPLARLFWIYNM-UHFFFAOYSA-N	0.4965156369922077
VEJPLARLFWIYNM-UHFFFAOYSA-N	1.0
VEJPLARLFWIYNM-UHFFFAOYSA-N	1.0
VEJPLARLFWIYNM-UHFFFAOYSA-N	1.0
VEJPLARLFWIYNM-UHFFFAOYSA-N	0.7745966692414834
VEJPLARLFWIYNM-UHFFFAOYSA-N	1.0
VEJPLARLFWIYNM-UHFFFAOYSA-N	1.0
VEJPLARLFWIYNM-UHFFFAOYSA-N	0.7745966692414834
VEJPLARLFWIYNM-UHFFFAOYSA-N	1.0
VEJPLARLFWIYNM-UHFFFAOYSA-N	0.7745966692414834
VEJPLARLFWIYNM-UHFFFAOYSA-N	0.7745966692414834
VLYBAPCPKDLKOF-UHFFFAOYSA-N	0.6866065623255951
VLYBAPCPKDLKOF-UHFFFAOYSA-N	0.6866065623255951
VLYBAPCPKDLKOF-UHFFFAOYSA-N	1.0
VLYBAPCPKDLKOF-UHFFFAOYSA-N	0.0
VLYBAPCPKDLKOF-UHFFFAOYSA-N	0.0
VLYBAPCPKDLKOF-UHFFFAOYSA-N	0.0
VLYBAPCPKDLKOF-UHFFFAOYSA-N	0.0
VLYBAPCPKDLKOF-UHFFFAOYSA-N	0.0
VLYBAPCPKDLKOF-UHFFFAOYSA-N	0.0
VLYBAPCPKDLKOF-UHFFFAOYSA-N	1.0
VLYBAPCPKDLKOF-UHFFFAOYSA-N	0.6866065623255951
VLYBAPCPKDLKOF-UHFFFAOYSA-N	0.0
VLYBAPCPKDLKOF-UHFFFAOYSA-N	0.6323210671587569
VLYBAPCPKDLKOF-UHFFFAOYSA-N	0.40721014945615713
VLYBAPCPKDLKOF-UHFFFAOYSA-N	0.40721014945615713
VLYBAPCPKDLKOF-UHFFFAOYSA-N	0.5086552454562507
VLYBAPCPKDLKOF-UHFFFAOYSA-N	0.40721014945615713
VLYBAPCPKDLKOF-UHFFFAOYSA-N	0.6866065623255951
VLYBAPCPKDLKOF-UHFFFAOYSA-N	0.0
VLYBAPCPKDLKOF-UHFFFAOYSA-N	0.6323210671587569
VLYBAPCPKDLKOF-UHFFFAOYSA-N	0.40721014945615713
VLYBAPCPKDLKOF-UHFFFAOYSA-N	0.40721014945615713
VLYBAPCPKDLKOF-UHFFFAOYSA-N	0.5086552454562507
VLYBAPCPKDLKOF-UHFFFAOYSA-N	0.40721014945615713
VLYBAPCPKDLKOF-UHFFFAOYSA-N	0.0
VLYBAPCPKDLKOF-UHFFFAOYSA-N	0.0
VLYBAPCPKDLKOF-UHFFFAOYSA-N	0.0
VLYBAPCPKDLKOF-UHFFFAOYSA-N	0.0
VLYBAPCPKDLKOF-UHFFFAOYSA-N	0.0
VLYBAPCPKDLKOF-UHFFFAOYSA-N	0.0
VLYBAPCPKDLKOF-UHFFFAOYSA-N	0.0
VLYBAPCPKDLKOF-UHFFFAOYSA-N	0.0
VLYBAPCPKDLKOF-UHFFFAOYSA-N	0.0
VLYBAPCPKDLKOF-UHFFFAOYSA-N	0.0
VLYBAPCPKDLKOF-UHFFFAOYSA-N	0.0
VLYBAPCPKDLKOF-UHFFFAOYSA-N	0.6164414002968976
VLYBAPCPKDLKOF-UHFFFAOYSA-N	0.6164414002968976
VLYBAPCPKDLKOF-UHFFFAOYSA-N	0.5330017908890261
VLYBAPCPKDLKOF-UHFFFAOYSA-N	0.6164414002968976
VLYBAPCPKDLKOF-UHFFFAOYSA-N	0.8944271909999159
VLYBAPCPKDLKOF-UHFFFAOYSA-N	0.6058324578899409
VLYBAPCPKDLKOF-UHFFFAOYSA-N	0.8944271909999159
VLYBAPCPKDLKOF-UHFFFAOYSA-N	0.6058324578899409
VLYBAPCPKDLKOF-UHFFFAOYSA-N	0.8944271909999159
VLYBAPCPKDLKOF-UHFFFAOYSA-N	0.6058324578899409
LTOAWFRZXVPHAJ-UHFFFAOYSA-N	0.6805570473787206
LTOAWFRZXVPHAJ-UHFFFAOYSA-N	0.6247806632675041
LTOAWFRZXVPHAJ-UHFFFAOYSA-N	0.437869070965592
LTOAWFRZXVPHAJ-UHFFFAOYSA-N	0.5089601735780301
LTOAWFRZXVPHAJ-UHFFFAOYSA-N	0.512290756146152
LTOAWFRZXVPHAJ-UHFFFAOYSA-N	0.4176835961181208
LTOAWFRZXVPHAJ-UHFFFAOYSA-N	0.5056076519835918
LTOAWFRZXVPHAJ-UHFFFAOYSA-N	0.4822994733097759
LTOAWFRZXVPHAJ-UHFFFAOYSA-N	0.5089601735780301
LTOAWFRZXVPHAJ-UHFFFAOYSA-N	0.6575186895196737
LTOAWFRZXVPHAJ-UHFFFAOYSA-N	0.46770717334674267
LTOAWFRZXVPHAJ-UHFFFAOYSA-N	0.5376683937031277
LTOAWFRZXVPHAJ-UHFFFAOYSA-N	0.5400617248673216
LTOAWFRZXVPHAJ-UHFFFAOYSA-N	0.44350098274200217
LTOAWFRZXVPHAJ-UHFFFAOYSA-N	0.5400617248673216
LTOAWFRZXVPHAJ-UHFFFAOYSA-N	0.512110823543917
LTOAWFRZXVPHAJ-UHFFFAOYSA-N	0.5376683937031277
LTOAWFRZXVPHAJ-UHFFFAOYSA-N	0.4444444444444444
LTOAWFRZXVPHAJ-UHFFFAOYSA-N	0.5093482365752263
LTOAWFRZXVPHAJ-UHFFFAOYSA-N	0.511766315719159
LTOAWFRZXVPHAJ-UHFFFAOYSA-N	0.4360264299547077
LTOAWFRZXVPHAJ-UHFFFAOYSA-N	0.51279914485397
LTOAWFRZXVPHAJ-UHFFFAOYSA-N	0.5034799534162839
LTOAWFRZXVPHAJ-UHFFFAOYSA-N	0.5093482365752263
LTOAWFRZXVPHAJ-UHFFFAOYSA-N	0.4475240527365851
LTOAWFRZXVPHAJ-UHFFFAOYSA-N	0.4494264422395805
LTOAWFRZXVPHAJ-UHFFFAOYSA-N	0.4354841726704481
LTOAWFRZXVPHAJ-UHFFFAOYSA-N	0.48770600043175893
LTOAWFRZXVPHAJ-UHFFFAOYSA-N	0.4354841726704481
LTOAWFRZXVPHAJ-UHFFFAOYSA-N	0.4475240527365851
LTOAWFRZXVPHAJ-UHFFFAOYSA-N	0.5436502143433364
LTOAWFRZXVPHAJ-UHFFFAOYSA-N	0.6853444168423419
LTOAWFRZXVPHAJ-UHFFFAOYSA-N	0.5162440668016791
LTOAWFRZXVPHAJ-UHFFFAOYSA-N	0.7913675671030663
LTOAWFRZXVPHAJ-UHFFFAOYSA-N	0.816496580927726
LTOAWFRZXVPHAJ-UHFFFAOYSA-N	0.46952587304060833
LTOAWFRZXVPHAJ-UHFFFAOYSA-N	0.5182387756347729
LTOAWFRZXVPHAJ-UHFFFAOYSA-N	0.5421617783829785
LTOAWFRZXVPHAJ-UHFFFAOYSA-N	0.5436502143433364
LTOAWFRZXVPHAJ-UHFFFAOYSA-N	0.434198270987044
LTOAWFRZXVPHAJ-UHFFFAOYSA-N	0.7071067811865476
LTOAWFRZXVPHAJ-UHFFFAOYSA-N	0.6853444168423419
LTOAWFRZXVPHAJ-UHFFFAOYSA-N	0.5013689772720799
LTOAWFRZXVPHAJ-UHFFFAOYSA-N	0.5162440668016791
LTOAWFRZXVPHAJ-UHFFFAOYSA-N	0.7913675671030663
PJKXXTQGJSHEOQ-UHFFFAOYSA-N	1.0
PJKXXTQGJSHEOQ-UHFFFAOYSA-N	1.0
PJKXXTQGJSHEOQ-UHFFFAOYSA-N	0.8052976303853585
PJKXXTQGJSHEOQ-UHFFFAOYSA-N	0.9347059503796975
PJKXXTQGJSHEOQ-UHFFFAOYSA-N	0.8066232240898011
PJKXXTQGJSHEOQ-UHFFFAOYSA-N	0.8023070367362991
PJKXXTQGJSHEOQ-UHFFFAOYSA-N	0.9347059503796975
PJKXXTQGJSHEOQ-UHFFFAOYSA-N	0.8023070367362991
PJKXXTQGJSHEOQ-UHFFFAOYSA-N	0.7828012377211586
PJKXXTQGJSHEOQ-UHFFFAOYSA-N	1.0
PJKXXTQGJSHEOQ-UHFFFAOYSA-N	0.8052976303853585
PJKXXTQGJSHEOQ-UHFFFAOYSA-N	0.9347059503796975
PJKXXTQGJSHEOQ-UHFFFAOYSA-N	0.8066232240898011
PJKXXTQGJSHEOQ-UHFFFAOYSA-N	0.8023070367362991
PJKXXTQGJSHEOQ-UHFFFAOYSA-N	0.9347059503796975
PJKXXTQGJSHEOQ-UHFFFAOYSA-N	0.8023070367362991
PJKXXTQGJSHEOQ-UHFFFAOYSA-N	0.7828012377211586
PJKXXTQGJSHEOQ-UHFFFAOYSA-N	0.8052976303853585
PJKXXTQGJSHEOQ-UHFFFAOYSA-N	0.9347059503796975
PJKXXTQGJSHEOQ-UHFFFAOYSA-N	0.8066232240898011
PJKXXTQGJSHEOQ-UHFFFAOYSA-N	0.8023070367362991
PJKXXTQGJSHEOQ-UHFFFAOYSA-N	0.9347059503796975
PJKXXTQGJSHEOQ-UHFFFAOYSA-N	0.8023070367362991
PJKXXTQGJSHEOQ-UHFFFAOYSA-N	0.7828012377211586
PJKXXTQGJSHEOQ-UHFFFAOYSA-N	0.7494209108583118
PJKXXTQGJSHEOQ-UHFFFAOYSA-N	0.7983499466791724
PJKXXTQGJSHEOQ-UHFFFAOYSA-N	0.7946132747508415
PJKXXTQGJSHEOQ-UHFFFAOYSA-N	0.7494209108583118
PJKXXTQGJSHEOQ-UHFFFAOYSA-N	0.7946132747508415
PJKXXTQGJSHEOQ-UHFFFAOYSA-N	0.7777585903790616
PJKXXTQGJSHEOQ-UHFFFAOYSA-N	0.7602293850863159
PJKXXTQGJSHEOQ-UHFFFAOYSA-N	0.755230402177349
PJKXXTQGJSHEOQ-UHFFFAOYSA-N	1.0
PJKXXTQGJSHEOQ-UHFFFAOYSA-N	0.755230402177349
PJKXXTQGJSHEOQ-UHFFFAOYSA-N	0.7386295997140147
PJKXXTQGJSHEOQ-UHFFFAOYSA-N	0.9880235200593537
PJKXXTQGJSHEOQ-UHFFFAOYSA-N	0.7602293850863159
PJKXXTQGJSHEOQ-UHFFFAOYSA-N	0.9880235200593537
PJKXXTQGJSHEOQ-UHFFFAOYSA-N	0.7789351235757229
PJKXXTQGJSHEOQ-UHFFFAOYSA-N	0.755230402177349
PJKXXTQGJSHEOQ-UHFFFAOYSA-N	1.0
PJKXXTQGJSHEOQ-UHFFFAOYSA-N	0.775104861155925
PJKXXTQGJSHEOQ-UHFFFAOYSA-N	0.755230402177349
PJKXXTQGJSHEOQ-UHFFFAOYSA-N	0.7386295997140147
PJKXXTQGJSHEOQ-UHFFFAOYSA-N	0.775104861155925
UKBQFBRPXKGJPY-INIZCTEOSA-N	0.816496580927726
UKBQFBRPXKGJPY-INIZCTEOSA-N	0.6276689047326257
UKBQFBRPXKGJPY-INIZCTEOSA-N	0.816496580927726
UKBQFBRPXKGJPY-INIZCTEOSA-N	0.7880053178452421
UKBQFBRPXKGJPY-INIZCTEOSA-N	0.7880053178452421
UKBQFBRPXKGJPY-INIZCTEOSA-N	0.7898914934524687
UKBQFBRPXKGJPY-INIZCTEOSA-N	0.7898914934524687
UKBQFBRPXKGJPY-INIZCTEOSA-N	0.6042770835062287
UKBQFBRPXKGJPY-INIZCTEOSA-N	0.7898914934524687
UKBQFBRPXKGJPY-INIZCTEOSA-N	0.6276689047326257
UKBQFBRPXKGJPY-INIZCTEOSA-N	0.816496580927726
UKBQFBRPXKGJPY-INIZCTEOSA-N	0.7880053178452421
UKBQFBRPXKGJPY-INIZCTEOSA-N	0.7880053178452421
UKBQFBRPXKGJPY-INIZCTEOSA-N	0.7898914934524687
UKBQFBRPXKGJPY-INIZCTEOSA-N	0.7898914934524687
UKBQFBRPXKGJPY-INIZCTEOSA-N	0.6042770835062287
UKBQFBRPXKGJPY-INIZCTEOSA-N	0.7898914934524687
UKBQFBRPXKGJPY-INIZCTEOSA-N	0.6276689047326257
UKBQFBRPXKGJPY-INIZCTEOSA-N	0.6080413519772202
UKBQFBRPXKGJPY-INIZCTEOSA-N	0.6080413519772202
UKBQFBRPXKGJPY-INIZCTEOSA-N	0.6068981766535445
UKBQFBRPXKGJPY-INIZCTEOSA-N	0.6068981766535445
UKBQFBRPXKGJPY-INIZCTEOSA-N	0.8619744775803979
UKBQFBRPXKGJPY-INIZCTEOSA-N	0.6068981766535445
UKBQFBRPXKGJPY-INIZCTEOSA-N	0.7880053178452421
UKBQFBRPXKGJPY-INIZCTEOSA-N	0.7880053178452421
UKBQFBRPXKGJPY-INIZCTEOSA-N	0.7898914934524687
UKBQFBRPXKGJPY-INIZCTEOSA-N	0.7898914934524687
UKBQFBRPXKGJPY-INIZCTEOSA-N	0.6042770835062287
UKBQFBRPXKGJPY-INIZCTEOSA-N	0.7898914934524687
UKBQFBRPXKGJPY-INIZCTEOSA-N	1.0
UKBQFBRPXKGJPY-INIZCTEOSA-N	0.9750957328958467
UKBQFBRPXKGJPY-INIZCTEOSA-N	0.9750957328958467
UKBQFBRPXKGJPY-INIZCTEOSA-N	0.7496102883602815
UKBQFBRPXKGJPY-INIZCTEOSA-N	0.9750957328958467
UKBQFBRPXKGJPY-INIZCTEOSA-N	0.9750957328958467
UKBQFBRPXKGJPY-INIZCTEOSA-N	0.9750957328958467
UKBQFBRPXKGJPY-INIZCTEOSA-N	0.7496102883602815
UKBQFBRPXKGJPY-INIZCTEOSA-N	0.9750957328958467
UKBQFBRPXKGJPY-INIZCTEOSA-N	1.0
UKBQFBRPXKGJPY-INIZCTEOSA-N	0.7684244858645451
UKBQFBRPXKGJPY-INIZCTEOSA-N	1.0
UKBQFBRPXKGJPY-INIZCTEOSA-N	0.7684244858645451
UKBQFBRPXKGJPY-INIZCTEOSA-N	1.0
UKBQFBRPXKGJPY-INIZCTEOSA-N	0.7684244858645451
KWSGPJCQWZMUQM-UHFFFAOYSA-N	0.9088683439677425
KWSGPJCQWZMUQM-UHFFFAOYSA-N	0.9088683439677425
KWSGPJCQWZMUQM-UHFFFAOYSA-N	0.8043587551540712
KWSGPJCQWZMUQM-UHFFFAOYSA-N	0.742503325791332
KWSGPJCQWZMUQM-UHFFFAOYSA-N	0.742503325791332
KWSGPJCQWZMUQM-UHFFFAOYSA-N	0.9200984711329525
KWSGPJCQWZMUQM-UHFFFAOYSA-N	0.7478820369187397
KWSGPJCQWZMUQM-UHFFFAOYSA-N	0.845482533728944
KWSGPJCQWZMUQM-UHFFFAOYSA-N	0.7159908607258284
KWSGPJCQWZMUQM-UHFFFAOYSA-N	1.0
KWSGPJCQWZMUQM-UHFFFAOYSA-N	0.7232069970128612
KWSGPJCQWZMUQM-UHFFFAOYSA-N	0.8274350032774084
KWSGPJCQWZMUQM-UHFFFAOYSA-N	0.8274350032774084
KWSGPJCQWZMUQM-UHFFFAOYSA-N	0.9078107569148816
KWSGPJCQWZMUQM-UHFFFAOYSA-N	0.7345971797904572
KWSGPJCQWZMUQM-UHFFFAOYSA-N	0.7705217087815914
KWSGPJCQWZMUQM-UHFFFAOYSA-N	0.6472010236572646
KWSGPJCQWZMUQM-UHFFFAOYSA-N	0.7232069970128612
KWSGPJCQWZMUQM-UHFFFAOYSA-N	0.8274350032774084
KWSGPJCQWZMUQM-UHFFFAOYSA-N	0.8274350032774084
KWSGPJCQWZMUQM-UHFFFAOYSA-N	0.9078107569148816
KWSGPJCQWZMUQM-UHFFFAOYSA-N	0.7345971797904572
KWSGPJCQWZMUQM-UHFFFAOYSA-N	0.7705217087815914
KWSGPJCQWZMUQM-UHFFFAOYSA-N	0.6472010236572646
KWSGPJCQWZMUQM-UHFFFAOYSA-N	0.8565257518816137
KWSGPJCQWZMUQM-UHFFFAOYSA-N	0.8565257518816137
KWSGPJCQWZMUQM-UHFFFAOYSA-N	0.7359692748131238
KWSGPJCQWZMUQM-UHFFFAOYSA-N	0.8773237542076299
KWSGPJCQWZMUQM-UHFFFAOYSA-N	0.7951431291842744
KWSGPJCQWZMUQM-UHFFFAOYSA-N	0.829355585880199
KWSGPJCQWZMUQM-UHFFFAOYSA-N	0.9534625892455924
KWSGPJCQWZMUQM-UHFFFAOYSA-N	0.7403130925402792
KWSGPJCQWZMUQM-UHFFFAOYSA-N	0.8547388562576843
KWSGPJCQWZMUQM-UHFFFAOYSA-N	0.7369995726535037
KWSGPJCQWZMUQM-UHFFFAOYSA-N	0.753778361444409
KWSGPJCQWZMUQM-UHFFFAOYSA-N	0.7403130925402792
KWSGPJCQWZMUQM-UHFFFAOYSA-N	0.8547388562576843
KWSGPJCQWZMUQM-UHFFFAOYSA-N	0.7369995726535037
KWSGPJCQWZMUQM-UHFFFAOYSA-N	0.753778361444409
KWSGPJCQWZMUQM-UHFFFAOYSA-N	0.7669014200911276
KWSGPJCQWZMUQM-UHFFFAOYSA-N	0.7856027731441109
KWSGPJCQWZMUQM-UHFFFAOYSA-N	0.6667200833300806
KWSGPJCQWZMUQM-UHFFFAOYSA-N	0.7521616952140117
KWSGPJCQWZMUQM-UHFFFAOYSA-N	0.784674636849112
KWSGPJCQWZMUQM-UHFFFAOYSA-N	0.812499021633048
IEYOHYVYEJVEJJ-SKDRFNHKSA-N	1.0
IEYOHYVYEJVEJJ-SKDRFNHKSA-N	0.7804898374343509
IEYOHYVYEJVEJJ-SKDRFNHKSA-N	0.7804898374343509
IEYOHYVYEJVEJJ-SKDRFNHKSA-N	0.6534529184835199
IEYOHYVYEJVEJJ-SKDRFNHKSA-N	0.6534529184835199
IEYOHYVYEJVEJJ-SKDRFNHKSA-N	0.673391042345188
IEYOHYVYEJVEJJ-SKDRFNHKSA-N	0.5355977470523522
IEYOHYVYEJVEJJ-SKDRFNHKSA-N	0.5355977470523522
IEYOHYVYEJVEJJ-SKDRFNHKSA-N	0.619091017958309
IEYOHYVYEJVEJJ-SKDRFNHKSA-N	0.7804898374343509
IEYOHYVYEJVEJJ-SKDRFNHKSA-N	0.7804898374343509
IEYOHYVYEJVEJJ-SKDRFNHKSA-N	0.6534529184835199
IEYOHYVYEJVEJJ-SKDRFNHKSA-N	0.6534529184835199
IEYOHYVYEJVEJJ-SKDRFNHKSA-N	0.673391042345188
IEYOHYVYEJVEJJ-SKDRFNHKSA-N	0.5355977470523522
IEYOHYVYEJVEJJ-SKDRFNHKSA-N	0.5355977470523522
IEYOHYVYEJVEJJ-SKDRFNHKSA-N	0.619091017958309
IEYOHYVYEJVEJJ-SKDRFNHKSA-N	1.0
IEYOHYVYEJVEJJ-SKDRFNHKSA-N	0.8220498164745862
IEYOHYVYEJVEJJ-SKDRFNHKSA-N	0.8220498164745862
IEYOHYVYEJVEJJ-SKDRFNHKSA-N	0.5458171574299775
IEYOHYVYEJVEJJ-SKDRFNHKSA-N	0.7152759120574593
IEYOHYVYEJVEJJ-SKDRFNHKSA-N	0.7152759120574593
IEYOHYVYEJVEJJ-SKDRFNHKSA-N	0.4951815780143635
IEYOHYVYEJVEJJ-SKDRFNHKSA-N	0.8220498164745862
IEYOHYVYEJVEJJ-SKDRFNHKSA-N	0.8220498164745862
IEYOHYVYEJVEJJ-SKDRFNHKSA-N	0.5458171574299775
IEYOHYVYEJVEJJ-SKDRFNHKSA-N	0.7152759120574593
IEYOHYVYEJVEJJ-SKDRFNHKSA-N	0.7152759120574593
IEYOHYVYEJVEJJ-SKDRFNHKSA-N	0.4951815780143635
IEYOHYVYEJVEJJ-SKDRFNHKSA-N	1.0
IEYOHYVYEJVEJJ-SKDRFNHKSA-N	0.5374141455283474
IEYOHYVYEJVEJJ-SKDRFNHKSA-N	0.8581163303210331
IEYOHYVYEJVEJJ-SKDRFNHKSA-N	0.8581163303210331
IEYOHYVYEJVEJJ-SKDRFNHKSA-N	0.48828835521368164
IEYOHYVYEJVEJJ-SKDRFNHKSA-N	0.5374141455283474
IEYOHYVYEJVEJJ-SKDRFNHKSA-N	0.8581163303210331
IEYOHYVYEJVEJJ-SKDRFNHKSA-N	0.8581163303210331
IEYOHYVYEJVEJJ-SKDRFNHKSA-N	0.48828835521368164
IEYOHYVYEJVEJJ-SKDRFNHKSA-N	0.6918637807946671
IEYOHYVYEJVEJJ-SKDRFNHKSA-N	0.6918637807946671
IEYOHYVYEJVEJJ-SKDRFNHKSA-N	0.9080637818637923
IEYOHYVYEJVEJJ-SKDRFNHKSA-N	1.0
IEYOHYVYEJVEJJ-SKDRFNHKSA-N	0.6271274995101409
IEYOHYVYEJVEJJ-SKDRFNHKSA-N	0.6271274995101409
FUXDJXNPHSHGKZ-UHFFFAOYSA-N	1.0
FUXDJXNPHSHGKZ-UHFFFAOYSA-N	0.0
FUXDJXNPHSHGKZ-UHFFFAOYSA-N	0.0
FUXDJXNPHSHGKZ-UHFFFAOYSA-N	0.0
FUXDJXNPHSHGKZ-UHFFFAOYSA-N	0.0
FUXDJXNPHSHGKZ-UHFFFAOYSA-N	0.0
FUXDJXNPHSHGKZ-UHFFFAOYSA-N	0.0
FUXDJXNPHSHGKZ-UHFFFAOYSA-N	0.0
FUXDJXNPHSHGKZ-UHFFFAOYSA-N	0.0
FUXDJXNPHSHGKZ-UHFFFAOYSA-N	0.0
FUXDJXNPHSHGKZ-UHFFFAOYSA-N	0.0
FUXDJXNPHSHGKZ-UHFFFAOYSA-N	0.0
FUXDJXNPHSHGKZ-UHFFFAOYSA-N	0.0
FUXDJXNPHSHGKZ-UHFFFAOYSA-N	0.0
FUXDJXNPHSHGKZ-UHFFFAOYSA-N	0.0
FUXDJXNPHSHGKZ-UHFFFAOYSA-N	0.0
FUXDJXNPHSHGKZ-UHFFFAOYSA-N	0.0
FUXDJXNPHSHGKZ-UHFFFAOYSA-N	0.0
FUXDJXNPHSHGKZ-UHFFFAOYSA-N	0.6922186552431728
FUXDJXNPHSHGKZ-UHFFFAOYSA-N	0.0
FUXDJXNPHSHGKZ-UHFFFAOYSA-N	0.0
FUXDJXNPHSHGKZ-UHFFFAOYSA-N	0.0
FUXDJXNPHSHGKZ-UHFFFAOYSA-N	0.0
FUXDJXNPHSHGKZ-UHFFFAOYSA-N	0.0
FUXDJXNPHSHGKZ-UHFFFAOYSA-N	0.0
FUXDJXNPHSHGKZ-UHFFFAOYSA-N	0.0
FUXDJXNPHSHGKZ-UHFFFAOYSA-N	1.0
FUXDJXNPHSHGKZ-UHFFFAOYSA-N	1.0
FUXDJXNPHSHGKZ-UHFFFAOYSA-N	1.0
FUXDJXNPHSHGKZ-UHFFFAOYSA-N	0.0
FUXDJXNPHSHGKZ-UHFFFAOYSA-N	0.0
FUXDJXNPHSHGKZ-UHFFFAOYSA-N	0.0
FUXDJXNPHSHGKZ-UHFFFAOYSA-N	0.0
FUXDJXNPHSHGKZ-UHFFFAOYSA-N	0.0
FUXDJXNPHSHGKZ-UHFFFAOYSA-N	0.0
FUXDJXNPHSHGKZ-UHFFFAOYSA-N	0.0
FUXDJXNPHSHGKZ-UHFFFAOYSA-N	0.0
FUXDJXNPHSHGKZ-UHFFFAOYSA-N	0.0
FUXDJXNPHSHGKZ-UHFFFAOYSA-N	0.0
FUXDJXNPHSHGKZ-UHFFFAOYSA-N	1.0
FUXDJXNPHSHGKZ-UHFFFAOYSA-N	1.0
FUXDJXNPHSHGKZ-UHFFFAOYSA-N	0.0
FUXDJXNPHSHGKZ-UHFFFAOYSA-N	1.0
FUXDJXNPHSHGKZ-UHFFFAOYSA-N	0.0
FUXDJXNPHSHGKZ-UHFFFAOYSA-N	0.0
XSQUJFKRXZMOKA-PAFIKIDNSA-N	0.0
XSQUJFKRXZMOKA-PAFIKIDNSA-N	0.0
XSQUJFKRXZMOKA-PAFIKIDNSA-N	0.0
XSQUJFKRXZMOKA-PAFIKIDNSA-N	0.0
XSQUJFKRXZMOKA-PAFIKIDNSA-N	0.0
XSQUJFKRXZMOKA-PAFIKIDNSA-N	0.0
XSQUJFKRXZMOKA-PAFIKIDNSA-N	0.0
XSQUJFKRXZMOKA-PAFIKIDNSA-N	0.6284326027760527
XSQUJFKRXZMOKA-PAFIKIDNSA-N	0.6266283136583128
XSQUJFKRXZMOKA-PAFIKIDNSA-N	0.0
XSQUJFKRXZMOKA-PAFIKIDNSA-N	0.6465558845022693
XSQUJFKRXZMOKA-PAFIKIDNSA-N	0.7619815890354474
XSQUJFKRXZMOKA-PAFIKIDNSA-N	0.4987779679170495
XSQUJFKRXZMOKA-PAFIKIDNSA-N	0.0
XSQUJFKRXZMOKA-PAFIKIDNSA-N	0.0
XSQUJFKRXZMOKA-PAFIKIDNSA-N	0.0
XSQUJFKRXZMOKA-PAFIKIDNSA-N	0.0
XSQUJFKRXZMOKA-PAFIKIDNSA-N	0.47118684770963787
XSQUJFKRXZMOKA-PAFIKIDNSA-N	0.0
XSQUJFKRXZMOKA-PAFIKIDNSA-N	0.5589479756705206
XSQUJFKRXZMOKA-PAFIKIDNSA-N	0.7762787486799918
XSQUJFKRXZMOKA-PAFIKIDNSA-N	0.7714606374608591
XSQUJFKRXZMOKA-PAFIKIDNSA-N	0.0
XSQUJFKRXZMOKA-PAFIKIDNSA-N	0.0
XSQUJFKRXZMOKA-PAFIKIDNSA-N	0.4052673201610436
XSQUJFKRXZMOKA-PAFIKIDNSA-N	0.8452276156291998
XSQUJFKRXZMOKA-PAFIKIDNSA-N	0.47101020493717644
XSQUJFKRXZMOKA-PAFIKIDNSA-N	0.46495795233106557
XSQUJFKRXZMOKA-PAFIKIDNSA-N	0.0
XSQUJFKRXZMOKA-PAFIKIDNSA-N	0.0
XSQUJFKRXZMOKA-PAFIKIDNSA-N	0.48314390227242887
XSQUJFKRXZMOKA-PAFIKIDNSA-N	0.0
XSQUJFKRXZMOKA-PAFIKIDNSA-N	0.0
XSQUJFKRXZMOKA-PAFIKIDNSA-N	0.0
XSQUJFKRXZMOKA-PAFIKIDNSA-N	0.0
XSQUJFKRXZMOKA-PAFIKIDNSA-N	0.5446469647446257
XSQUJFKRXZMOKA-PAFIKIDNSA-N	0.5418511729273027
XSQUJFKRXZMOKA-PAFIKIDNSA-N	0.0
XSQUJFKRXZMOKA-PAFIKIDNSA-N	0.0
XSQUJFKRXZMOKA-PAFIKIDNSA-N	0.7905694150420949
XSQUJFKRXZMOKA-PAFIKIDNSA-N	0.5080408562685883
XSQUJFKRXZMOKA-PAFIKIDNSA-N	0.0
XSQUJFKRXZMOKA-PAFIKIDNSA-N	0.0
XSQUJFKRXZMOKA-PAFIKIDNSA-N	0.5080246476303213
XSQUJFKRXZMOKA-PAFIKIDNSA-N	0.673145600891813
ONGPJYSSZQHFBU-UHFFFAOYSA-N	0.7035231715737418
ONGPJYSSZQHFBU-UHFFFAOYSA-N	0.5368057405152342
ONGPJYSSZQHFBU-UHFFFAOYSA-N	0.5386343362757182
ONGPJYSSZQHFBU-UHFFFAOYSA-N	0.5232402368621147
ONGPJYSSZQHFBU-UHFFFAOYSA-N	0.5232402368621147
ONGPJYSSZQHFBU-UHFFFAOYSA-N	0.7243996838491747
ONGPJYSSZQHFBU-UHFFFAOYSA-N	0.7265177591075407
ONGPJYSSZQHFBU-UHFFFAOYSA-N	0.7056941275656701
ONGPJYSSZQHFBU-UHFFFAOYSA-N	0.7056941275656701
ONGPJYSSZQHFBU-UHFFFAOYSA-N	0.8924013057463204
ONGPJYSSZQHFBU-UHFFFAOYSA-N	0.7282871417678234
ONGPJYSSZQHFBU-UHFFFAOYSA-N	0.7282871417678234
ONGPJYSSZQHFBU-UHFFFAOYSA-N	0.7298555169554122
ONGPJYSSZQHFBU-UHFFFAOYSA-N	0.7298555169554122
ONGPJYSSZQHFBU-UHFFFAOYSA-N	1.0
WUFUURSWOJROKY-UHFFFAOYSA-N	0.0
WUFUURSWOJROKY-UHFFFAOYSA-N	0.0
WUFUURSWOJROKY-UHFFFAOYSA-N	0.0
WUFUURSWOJROKY-UHFFFAOYSA-N	0.0
WUFUURSWOJROKY-UHFFFAOYSA-N	0.6582805886043833
WUFUURSWOJROKY-UHFFFAOYSA-N	0.9309493362512629
WUFUURSWOJROKY-UHFFFAOYSA-N	1.0
WUFUURSWOJROKY-UHFFFAOYSA-N	1.0
WUFUURSWOJROKY-UHFFFAOYSA-N	1.0
WUFUURSWOJROKY-UHFFFAOYSA-N	0.6928203230275509
WUFUURSWOJROKY-UHFFFAOYSA-N	0.0
WUFUURSWOJROKY-UHFFFAOYSA-N	0.6928203230275509
WUFUURSWOJROKY-UHFFFAOYSA-N	0.0
WUFUURSWOJROKY-UHFFFAOYSA-N	0.0
WUFUURSWOJROKY-UHFFFAOYSA-N	0.0
WUFUURSWOJROKY-UHFFFAOYSA-N	0.0
WUFUURSWOJROKY-UHFFFAOYSA-N	0.0
WUFUURSWOJROKY-UHFFFAOYSA-N	0.0
WUFUURSWOJROKY-UHFFFAOYSA-N	1.0
WUFUURSWOJROKY-UHFFFAOYSA-N	0.0
WUFUURSWOJROKY-UHFFFAOYSA-N	0.0
WUFUURSWOJROKY-UHFFFAOYSA-N	0.0
WUFUURSWOJROKY-UHFFFAOYSA-N	0.0
WUFUURSWOJROKY-UHFFFAOYSA-N	0.0
WUFUURSWOJROKY-UHFFFAOYSA-N	0.0
WUFUURSWOJROKY-UHFFFAOYSA-N	0.0
WUFUURSWOJROKY-UHFFFAOYSA-N	0.0
WUFUURSWOJROKY-UHFFFAOYSA-N	0.0
WUFUURSWOJROKY-UHFFFAOYSA-N	0.0
WUFUURSWOJROKY-UHFFFAOYSA-N	0.0
WUFUURSWOJROKY-UHFFFAOYSA-N	0.0
WUFUURSWOJROKY-UHFFFAOYSA-N	0.0
WUFUURSWOJROKY-UHFFFAOYSA-N	0.0
WUFUURSWOJROKY-UHFFFAOYSA-N	0.0
WUFUURSWOJROKY-UHFFFAOYSA-N	0.0
WUFUURSWOJROKY-UHFFFAOYSA-N	0.7071067811865476
WUFUURSWOJROKY-UHFFFAOYSA-N	0.6582805886043833
WUFUURSWOJROKY-UHFFFAOYSA-N	0.6582805886043833
WUFUURSWOJROKY-UHFFFAOYSA-N	0.6582805886043833
WUFUURSWOJROKY-UHFFFAOYSA-N	0.9309493362512629
WUFUURSWOJROKY-UHFFFAOYSA-N	0.9309493362512629
WUFUURSWOJROKY-UHFFFAOYSA-N	0.9309493362512629
WUFUURSWOJROKY-UHFFFAOYSA-N	1.0
WUFUURSWOJROKY-UHFFFAOYSA-N	1.0
WUFUURSWOJROKY-UHFFFAOYSA-N	1.0
FHRKRGDHMCCDEO-LLVKDONJSA-N	1.0
FHRKRGDHMCCDEO-LLVKDONJSA-N	0.5114083119567587
FHRKRGDHMCCDEO-LLVKDONJSA-N	0.36940267098835833
FHRKRGDHMCCDEO-LLVKDONJSA-N	0.509524665365068
FHRKRGDHMCCDEO-LLVKDONJSA-N	0.5114083119567587
FHRKRGDHMCCDEO-LLVKDONJSA-N	0.36940267098835833
FHRKRGDHMCCDEO-LLVKDONJSA-N	0.509524665365068
FHRKRGDHMCCDEO-LLVKDONJSA-N	0.5114083119567587
FHRKRGDHMCCDEO-LLVKDONJSA-N	0.5123475382979799
FHRKRGDHMCCDEO-LLVKDONJSA-N	0.5114083119567587
FHRKRGDHMCCDEO-LLVKDONJSA-N	0.36940267098835833
FHRKRGDHMCCDEO-LLVKDONJSA-N	0.509524665365068
FHRKRGDHMCCDEO-LLVKDONJSA-N	0.5114083119567587
FHRKRGDHMCCDEO-LLVKDONJSA-N	0.36940267098835833
FHRKRGDHMCCDEO-LLVKDONJSA-N	0.509524665365068
FHRKRGDHMCCDEO-LLVKDONJSA-N	0.5114083119567587
FHRKRGDHMCCDEO-LLVKDONJSA-N	0.5123475382979799
FHRKRGDHMCCDEO-LLVKDONJSA-N	0.5537749241945383
FHRKRGDHMCCDEO-LLVKDONJSA-N	0.7641521912738138
FHRKRGDHMCCDEO-LLVKDONJSA-N	1.0
FHRKRGDHMCCDEO-LLVKDONJSA-N	0.5537749241945383
FHRKRGDHMCCDEO-LLVKDONJSA-N	0.7641521912738138
FHRKRGDHMCCDEO-LLVKDONJSA-N	1.0
FHRKRGDHMCCDEO-LLVKDONJSA-N	0.963500562186309
FHRKRGDHMCCDEO-LLVKDONJSA-N	0.5601398162571678
FHRKRGDHMCCDEO-LLVKDONJSA-N	0.5537749241945383
FHRKRGDHMCCDEO-LLVKDONJSA-N	1.0
FHRKRGDHMCCDEO-LLVKDONJSA-N	0.5601398162571678
FHRKRGDHMCCDEO-LLVKDONJSA-N	0.5537749241945383
FHRKRGDHMCCDEO-LLVKDONJSA-N	0.5283622494715786
FHRKRGDHMCCDEO-LLVKDONJSA-N	0.7641521912738138
FHRKRGDHMCCDEO-LLVKDONJSA-N	0.5601398162571678
FHRKRGDHMCCDEO-LLVKDONJSA-N	1.0
FHRKRGDHMCCDEO-LLVKDONJSA-N	0.7641521912738138
FHRKRGDHMCCDEO-LLVKDONJSA-N	0.7280109889280518
FHRKRGDHMCCDEO-LLVKDONJSA-N	0.5537749241945383
FHRKRGDHMCCDEO-LLVKDONJSA-N	0.7641521912738138
FHRKRGDHMCCDEO-LLVKDONJSA-N	1.0
FHRKRGDHMCCDEO-LLVKDONJSA-N	0.963500562186309
FHRKRGDHMCCDEO-LLVKDONJSA-N	0.5601398162571678
FHRKRGDHMCCDEO-LLVKDONJSA-N	0.5537749241945383
FHRKRGDHMCCDEO-LLVKDONJSA-N	0.5283622494715786
FHRKRGDHMCCDEO-LLVKDONJSA-N	0.7641521912738138
FHRKRGDHMCCDEO-LLVKDONJSA-N	0.7280109889280518
FHRKRGDHMCCDEO-LLVKDONJSA-N	0.963500562186309
GZYNUOMXGGSXMI-UHFFFAOYSA-N	1.0
GZYNUOMXGGSXMI-UHFFFAOYSA-N	1.0
GZYNUOMXGGSXMI-UHFFFAOYSA-N	0.0
GZYNUOMXGGSXMI-UHFFFAOYSA-N	0.0
GZYNUOMXGGSXMI-UHFFFAOYSA-N	0.0
GZYNUOMXGGSXMI-UHFFFAOYSA-N	0.31648553693752157
GZYNUOMXGGSXMI-UHFFFAOYSA-N	0.31648553693752157
GZYNUOMXGGSXMI-UHFFFAOYSA-N	0.31648553693752157
GZYNUOMXGGSXMI-UHFFFAOYSA-N	0.2887447721649603
GZYNUOMXGGSXMI-UHFFFAOYSA-N	1.0
GZYNUOMXGGSXMI-UHFFFAOYSA-N	0.0
GZYNUOMXGGSXMI-UHFFFAOYSA-N	0.0
GZYNUOMXGGSXMI-UHFFFAOYSA-N	0.0
GZYNUOMXGGSXMI-UHFFFAOYSA-N	0.31648553693752157
GZYNUOMXGGSXMI-UHFFFAOYSA-N	0.31648553693752157
GZYNUOMXGGSXMI-UHFFFAOYSA-N	0.31648553693752157
GZYNUOMXGGSXMI-UHFFFAOYSA-N	0.2887447721649603
GZYNUOMXGGSXMI-UHFFFAOYSA-N	0.0
GZYNUOMXGGSXMI-UHFFFAOYSA-N	0.0
GZYNUOMXGGSXMI-UHFFFAOYSA-N	0.0
GZYNUOMXGGSXMI-UHFFFAOYSA-N	0.31648553693752157
GZYNUOMXGGSXMI-UHFFFAOYSA-N	0.31648553693752157
GZYNUOMXGGSXMI-UHFFFAOYSA-N	0.31648553693752157
GZYNUOMXGGSXMI-UHFFFAOYSA-N	0.2887447721649603
GZYNUOMXGGSXMI-UHFFFAOYSA-N	1.0
GZYNUOMXGGSXMI-UHFFFAOYSA-N	0.53748384988657
GZYNUOMXGGSXMI-UHFFFAOYSA-N	0.5424608752231437
GZYNUOMXGGSXMI-UHFFFAOYSA-N	0.5424608752231437
GZYNUOMXGGSXMI-UHFFFAOYSA-N	0.5424608752231437
GZYNUOMXGGSXMI-UHFFFAOYSA-N	0.33622538793897827
GZYNUOMXGGSXMI-UHFFFAOYSA-N	0.53748384988657
GZYNUOMXGGSXMI-UHFFFAOYSA-N	0.5424608752231437
GZYNUOMXGGSXMI-UHFFFAOYSA-N	0.5424608752231437
GZYNUOMXGGSXMI-UHFFFAOYSA-N	0.5424608752231437
GZYNUOMXGGSXMI-UHFFFAOYSA-N	0.33622538793897827
GZYNUOMXGGSXMI-UHFFFAOYSA-N	0.36465190866462444
GZYNUOMXGGSXMI-UHFFFAOYSA-N	0.36465190866462444
GZYNUOMXGGSXMI-UHFFFAOYSA-N	0.36465190866462444
GZYNUOMXGGSXMI-UHFFFAOYSA-N	0.49526745811981604
GZYNUOMXGGSXMI-UHFFFAOYSA-N	1.0
GZYNUOMXGGSXMI-UHFFFAOYSA-N	1.0
GZYNUOMXGGSXMI-UHFFFAOYSA-N	0.8014267268657806
GZYNUOMXGGSXMI-UHFFFAOYSA-N	1.0
GZYNUOMXGGSXMI-UHFFFAOYSA-N	0.8014267268657806
GZYNUOMXGGSXMI-UHFFFAOYSA-N	0.8014267268657806
ALQUTEKNDPODSS-UHFFFAOYSA-N	0.47871355387816905
ALQUTEKNDPODSS-UHFFFAOYSA-N	0.4013864859597432
ALQUTEKNDPODSS-UHFFFAOYSA-N	0.3446012188022555
ALQUTEKNDPODSS-UHFFFAOYSA-N	0.43969686527576396
ALQUTEKNDPODSS-UHFFFAOYSA-N	0.3700064349504774
ALQUTEKNDPODSS-UHFFFAOYSA-N	0.32394177193585
ALQUTEKNDPODSS-UHFFFAOYSA-N	0.4013864859597432
ALQUTEKNDPODSS-UHFFFAOYSA-N	0.4013864859597432
ALQUTEKNDPODSS-UHFFFAOYSA-N	0.39965262694272663
ALQUTEKNDPODSS-UHFFFAOYSA-N	0.6708203932499369
ALQUTEKNDPODSS-UHFFFAOYSA-N	0.5750494049921434
ALQUTEKNDPODSS-UHFFFAOYSA-N	0.594418483337567
ALQUTEKNDPODSS-UHFFFAOYSA-N	0.6172133998483676
ALQUTEKNDPODSS-UHFFFAOYSA-N	0.5396719292735089
ALQUTEKNDPODSS-UHFFFAOYSA-N	0.6708203932499369
ALQUTEKNDPODSS-UHFFFAOYSA-N	0.6708203932499369
ALQUTEKNDPODSS-UHFFFAOYSA-N	0.5400617248673217
ALQUTEKNDPODSS-UHFFFAOYSA-N	0.6666666666666666
ALQUTEKNDPODSS-UHFFFAOYSA-N	0.7340905181848413
ALQUTEKNDPODSS-UHFFFAOYSA-N	0.8133979109981544
ALQUTEKNDPODSS-UHFFFAOYSA-N	0.6295206877429019
ALQUTEKNDPODSS-UHFFFAOYSA-N	0.8944271909999159
ALQUTEKNDPODSS-UHFFFAOYSA-N	0.8944271909999159
ALQUTEKNDPODSS-UHFFFAOYSA-N	0.6708203932499369
ALQUTEKNDPODSS-UHFFFAOYSA-N	0.6091746465505602
ALQUTEKNDPODSS-UHFFFAOYSA-N	0.6677075208003376
ALQUTEKNDPODSS-UHFFFAOYSA-N	0.8127077132404329
ALQUTEKNDPODSS-UHFFFAOYSA-N	0.6666666666666666
ALQUTEKNDPODSS-UHFFFAOYSA-N	0.6666666666666666
ALQUTEKNDPODSS-UHFFFAOYSA-N	0.6066758241067098
ALQUTEKNDPODSS-UHFFFAOYSA-N	0.6708203932499369
ALQUTEKNDPODSS-UHFFFAOYSA-N	0.5719794522770555
ALQUTEKNDPODSS-UHFFFAOYSA-N	0.7340905181848413
ALQUTEKNDPODSS-UHFFFAOYSA-N	0.7340905181848413
ALQUTEKNDPODSS-UHFFFAOYSA-N	0.7038255255177738
ALQUTEKNDPODSS-UHFFFAOYSA-N	0.7106690545187014
ALQUTEKNDPODSS-UHFFFAOYSA-N	0.8133979109981544
ALQUTEKNDPODSS-UHFFFAOYSA-N	0.8133979109981544
ALQUTEKNDPODSS-UHFFFAOYSA-N	0.7817359599705717
ALQUTEKNDPODSS-UHFFFAOYSA-N	0.6295206877429019
ALQUTEKNDPODSS-UHFFFAOYSA-N	0.6295206877429019
ALQUTEKNDPODSS-UHFFFAOYSA-N	0.6638830776128736
ALQUTEKNDPODSS-UHFFFAOYSA-N	0.8944271909999159
ALQUTEKNDPODSS-UHFFFAOYSA-N	0.6708203932499369
ALQUTEKNDPODSS-UHFFFAOYSA-N	0.6708203932499369
JSYDPBIPJQMGFS-UHFFFAOYSA-N	1.0
JSYDPBIPJQMGFS-UHFFFAOYSA-N	0.832087227568851
JSYDPBIPJQMGFS-UHFFFAOYSA-N	0.832087227568851
JSYDPBIPJQMGFS-UHFFFAOYSA-N	1.0
JSYDPBIPJQMGFS-UHFFFAOYSA-N	0.8438835364414471
JSYDPBIPJQMGFS-UHFFFAOYSA-N	0.8438835364414471
JSYDPBIPJQMGFS-UHFFFAOYSA-N	0.8438835364414471
JSYDPBIPJQMGFS-UHFFFAOYSA-N	0.8325918175284841
JSYDPBIPJQMGFS-UHFFFAOYSA-N	0.8325918175284841
JSYDPBIPJQMGFS-UHFFFAOYSA-N	0.832087227568851
JSYDPBIPJQMGFS-UHFFFAOYSA-N	0.832087227568851
JSYDPBIPJQMGFS-UHFFFAOYSA-N	1.0
JSYDPBIPJQMGFS-UHFFFAOYSA-N	0.8438835364414471
JSYDPBIPJQMGFS-UHFFFAOYSA-N	0.8438835364414471
JSYDPBIPJQMGFS-UHFFFAOYSA-N	0.8438835364414471
JSYDPBIPJQMGFS-UHFFFAOYSA-N	0.8325918175284841
JSYDPBIPJQMGFS-UHFFFAOYSA-N	0.8325918175284841
JSYDPBIPJQMGFS-UHFFFAOYSA-N	1.0
JSYDPBIPJQMGFS-UHFFFAOYSA-N	0.832087227568851
JSYDPBIPJQMGFS-UHFFFAOYSA-N	0.832087227568851
JSYDPBIPJQMGFS-UHFFFAOYSA-N	0.832087227568851
JSYDPBIPJQMGFS-UHFFFAOYSA-N	0.832087227568851
JSYDPBIPJQMGFS-UHFFFAOYSA-N	0.833935898116775
JSYDPBIPJQMGFS-UHFFFAOYSA-N	0.833935898116775
JSYDPBIPJQMGFS-UHFFFAOYSA-N	0.832087227568851
JSYDPBIPJQMGFS-UHFFFAOYSA-N	0.832087227568851
JSYDPBIPJQMGFS-UHFFFAOYSA-N	0.832087227568851
JSYDPBIPJQMGFS-UHFFFAOYSA-N	0.832087227568851
JSYDPBIPJQMGFS-UHFFFAOYSA-N	0.833935898116775
JSYDPBIPJQMGFS-UHFFFAOYSA-N	0.833935898116775
JSYDPBIPJQMGFS-UHFFFAOYSA-N	0.8438835364414471
JSYDPBIPJQMGFS-UHFFFAOYSA-N	0.8438835364414471
JSYDPBIPJQMGFS-UHFFFAOYSA-N	0.8438835364414471
JSYDPBIPJQMGFS-UHFFFAOYSA-N	0.8325918175284841
JSYDPBIPJQMGFS-UHFFFAOYSA-N	0.8325918175284841
JSYDPBIPJQMGFS-UHFFFAOYSA-N	1.0
JSYDPBIPJQMGFS-UHFFFAOYSA-N	1.0
JSYDPBIPJQMGFS-UHFFFAOYSA-N	0.8527388003008082
JSYDPBIPJQMGFS-UHFFFAOYSA-N	0.8527388003008082
JSYDPBIPJQMGFS-UHFFFAOYSA-N	1.0
JSYDPBIPJQMGFS-UHFFFAOYSA-N	0.8527388003008082
JSYDPBIPJQMGFS-UHFFFAOYSA-N	0.8527388003008082
JSYDPBIPJQMGFS-UHFFFAOYSA-N	0.8527388003008082
JSYDPBIPJQMGFS-UHFFFAOYSA-N	0.8527388003008082
JSYDPBIPJQMGFS-UHFFFAOYSA-N	0.8660254037844386
JOIONRWKOGDQOG-CYBMUJFWSA-N	0.5514844654065022
JOIONRWKOGDQOG-CYBMUJFWSA-N	0.5784364701762212
JOIONRWKOGDQOG-CYBMUJFWSA-N	0.6602252917735247
QNOPDDHSGQQLCV-UHFFFAOYSA-N	0.8660254037844386
QNOPDDHSGQQLCV-UHFFFAOYSA-N	0.6467842236269938
QNOPDDHSGQQLCV-UHFFFAOYSA-N	0.6467842236269938
QNOPDDHSGQQLCV-UHFFFAOYSA-N	0.8318439070608654
QNOPDDHSGQQLCV-UHFFFAOYSA-N	0.3851390139894503
QNOPDDHSGQQLCV-UHFFFAOYSA-N	0.6467842236269938
QNOPDDHSGQQLCV-UHFFFAOYSA-N	0.6467842236269938
QNOPDDHSGQQLCV-UHFFFAOYSA-N	0.5818855737546362
QNOPDDHSGQQLCV-UHFFFAOYSA-N	0.43870774530924084
QNOPDDHSGQQLCV-UHFFFAOYSA-N	0.6442024277647085
QNOPDDHSGQQLCV-UHFFFAOYSA-N	0.6442024277647085
QNOPDDHSGQQLCV-UHFFFAOYSA-N	0.8345229603962802
QNOPDDHSGQQLCV-UHFFFAOYSA-N	0.38260648420455295
QNOPDDHSGQQLCV-UHFFFAOYSA-N	0.6442024277647085
QNOPDDHSGQQLCV-UHFFFAOYSA-N	0.6442024277647085
QNOPDDHSGQQLCV-UHFFFAOYSA-N	0.5821473681322362
QNOPDDHSGQQLCV-UHFFFAOYSA-N	0.4383303777685235
QNOPDDHSGQQLCV-UHFFFAOYSA-N	1.0
QNOPDDHSGQQLCV-UHFFFAOYSA-N	0.6228203288789038
QNOPDDHSGQQLCV-UHFFFAOYSA-N	0.55249462010983
QNOPDDHSGQQLCV-UHFFFAOYSA-N	1.0
QNOPDDHSGQQLCV-UHFFFAOYSA-N	1.0
QNOPDDHSGQQLCV-UHFFFAOYSA-N	0.888015443881146
QNOPDDHSGQQLCV-UHFFFAOYSA-N	0.5807553578868522
QNOPDDHSGQQLCV-UHFFFAOYSA-N	0.6228203288789038
QNOPDDHSGQQLCV-UHFFFAOYSA-N	0.55249462010983
QNOPDDHSGQQLCV-UHFFFAOYSA-N	1.0
QNOPDDHSGQQLCV-UHFFFAOYSA-N	1.0
QNOPDDHSGQQLCV-UHFFFAOYSA-N	0.888015443881146
QNOPDDHSGQQLCV-UHFFFAOYSA-N	0.5807553578868522
QNOPDDHSGQQLCV-UHFFFAOYSA-N	0.3688399092966181
QNOPDDHSGQQLCV-UHFFFAOYSA-N	0.6228203288789038
QNOPDDHSGQQLCV-UHFFFAOYSA-N	0.6228203288789038
QNOPDDHSGQQLCV-UHFFFAOYSA-N	0.5640986464379837
QNOPDDHSGQQLCV-UHFFFAOYSA-N	0.4257243785580049
QNOPDDHSGQQLCV-UHFFFAOYSA-N	0.55249462010983
QNOPDDHSGQQLCV-UHFFFAOYSA-N	0.55249462010983
QNOPDDHSGQQLCV-UHFFFAOYSA-N	0.6145671190066813
QNOPDDHSGQQLCV-UHFFFAOYSA-N	0.5975036251024608
QNOPDDHSGQQLCV-UHFFFAOYSA-N	1.0
QNOPDDHSGQQLCV-UHFFFAOYSA-N	0.888015443881146
QNOPDDHSGQQLCV-UHFFFAOYSA-N	0.5807553578868522
QNOPDDHSGQQLCV-UHFFFAOYSA-N	0.888015443881146
QNOPDDHSGQQLCV-UHFFFAOYSA-N	0.5807553578868522
QNOPDDHSGQQLCV-UHFFFAOYSA-N	0.5799521858008003
VTJXLVGZNOINAD-UHFFFAOYSA-N	0.6252272314199782
VTJXLVGZNOINAD-UHFFFAOYSA-N	0.6252272314199782
VTJXLVGZNOINAD-UHFFFAOYSA-N	0.6252272314199782
VTJXLVGZNOINAD-UHFFFAOYSA-N	0.6270421183475782
VTJXLVGZNOINAD-UHFFFAOYSA-N	0.6440285143320343
VTJXLVGZNOINAD-UHFFFAOYSA-N	0.6270421183475782
VTJXLVGZNOINAD-UHFFFAOYSA-N	0.6252272314199782
VTJXLVGZNOINAD-UHFFFAOYSA-N	0.6440285143320343
VTJXLVGZNOINAD-UHFFFAOYSA-N	0.6252272314199782
VTJXLVGZNOINAD-UHFFFAOYSA-N	1.0
VTJXLVGZNOINAD-UHFFFAOYSA-N	1.0
VTJXLVGZNOINAD-UHFFFAOYSA-N	0.0
VTJXLVGZNOINAD-UHFFFAOYSA-N	0.0
VTJXLVGZNOINAD-UHFFFAOYSA-N	0.0
VTJXLVGZNOINAD-UHFFFAOYSA-N	1.0
VTJXLVGZNOINAD-UHFFFAOYSA-N	0.0
VTJXLVGZNOINAD-UHFFFAOYSA-N	1.0
VTJXLVGZNOINAD-UHFFFAOYSA-N	1.0
VTJXLVGZNOINAD-UHFFFAOYSA-N	0.0
VTJXLVGZNOINAD-UHFFFAOYSA-N	0.0
VTJXLVGZNOINAD-UHFFFAOYSA-N	0.0
VTJXLVGZNOINAD-UHFFFAOYSA-N	1.0
VTJXLVGZNOINAD-UHFFFAOYSA-N	0.0
VTJXLVGZNOINAD-UHFFFAOYSA-N	1.0
VTJXLVGZNOINAD-UHFFFAOYSA-N	0.0
VTJXLVGZNOINAD-UHFFFAOYSA-N	0.0
VTJXLVGZNOINAD-UHFFFAOYSA-N	0.0
VTJXLVGZNOINAD-UHFFFAOYSA-N	1.0
VTJXLVGZNOINAD-UHFFFAOYSA-N	0.0
VTJXLVGZNOINAD-UHFFFAOYSA-N	1.0
VTJXLVGZNOINAD-UHFFFAOYSA-N	0.6990252954195317
VTJXLVGZNOINAD-UHFFFAOYSA-N	1.0
VTJXLVGZNOINAD-UHFFFAOYSA-N	0.0
VTJXLVGZNOINAD-UHFFFAOYSA-N	0.6990252954195317
VTJXLVGZNOINAD-UHFFFAOYSA-N	0.0
VTJXLVGZNOINAD-UHFFFAOYSA-N	0.6990252954195317
VTJXLVGZNOINAD-UHFFFAOYSA-N	0.0
VTJXLVGZNOINAD-UHFFFAOYSA-N	0.7071067811865476
VTJXLVGZNOINAD-UHFFFAOYSA-N	0.0
VTJXLVGZNOINAD-UHFFFAOYSA-N	0.0
VTJXLVGZNOINAD-UHFFFAOYSA-N	0.6990252954195317
VTJXLVGZNOINAD-UHFFFAOYSA-N	0.0
VTJXLVGZNOINAD-UHFFFAOYSA-N	0.0
VTJXLVGZNOINAD-UHFFFAOYSA-N	1.0
VTJXLVGZNOINAD-UHFFFAOYSA-N	0.0
JBLQNFBXKOAIHG-FCEWJHQRSA-N	0.8202655623453926
JBLQNFBXKOAIHG-FCEWJHQRSA-N	0.7328971962671129
JBLQNFBXKOAIHG-FCEWJHQRSA-N	0.6578413056452734
JBLQNFBXKOAIHG-FCEWJHQRSA-N	0.8243192703294457
JBLQNFBXKOAIHG-FCEWJHQRSA-N	0.7168352766520449
JBLQNFBXKOAIHG-FCEWJHQRSA-N	0.6428592913667814
JBLQNFBXKOAIHG-FCEWJHQRSA-N	0.6606503516360086
JBLQNFBXKOAIHG-FCEWJHQRSA-N	0.6455825589546428
JBLQNFBXKOAIHG-FCEWJHQRSA-N	0.7168352766520449
JBLQNFBXKOAIHG-FCEWJHQRSA-N	0.5992398330463606
JBLQNFBXKOAIHG-FCEWJHQRSA-N	0.6779076806833005
JBLQNFBXKOAIHG-FCEWJHQRSA-N	0.9856107606091623
JBLQNFBXKOAIHG-FCEWJHQRSA-N	0.5856693077937759
JBLQNFBXKOAIHG-FCEWJHQRSA-N	0.6614378277661477
JBLQNFBXKOAIHG-FCEWJHQRSA-N	0.66917420575442
JBLQNFBXKOAIHG-FCEWJHQRSA-N	0.6529846008053245
JBLQNFBXKOAIHG-FCEWJHQRSA-N	0.5856693077937759
JBLQNFBXKOAIHG-FCEWJHQRSA-N	0.8189785017491547
JBLQNFBXKOAIHG-FCEWJHQRSA-N	0.6018828629260293
JBLQNFBXKOAIHG-FCEWJHQRSA-N	0.9080386343601704
JBLQNFBXKOAIHG-FCEWJHQRSA-N	0.8026809404387163
JBLQNFBXKOAIHG-FCEWJHQRSA-N	0.8217426201187208
JBLQNFBXKOAIHG-FCEWJHQRSA-N	0.805373016975728
JBLQNFBXKOAIHG-FCEWJHQRSA-N	0.9080386343601704
JBLQNFBXKOAIHG-FCEWJHQRSA-N	0.66917420575442
JBLQNFBXKOAIHG-FCEWJHQRSA-N	0.8026809404387163
JBLQNFBXKOAIHG-FCEWJHQRSA-N	0.8936504412303007
JBLQNFBXKOAIHG-FCEWJHQRSA-N	0.903696114115064
JBLQNFBXKOAIHG-FCEWJHQRSA-N	0.884724869797439
JBLQNFBXKOAIHG-FCEWJHQRSA-N	0.8026809404387163
JBLQNFBXKOAIHG-FCEWJHQRSA-N	0.5882312954005704
JBLQNFBXKOAIHG-FCEWJHQRSA-N	0.6529846008053245
JBLQNFBXKOAIHG-FCEWJHQRSA-N	0.6779076806833005
JBLQNFBXKOAIHG-FCEWJHQRSA-N	0.6614378277661477
JBLQNFBXKOAIHG-FCEWJHQRSA-N	0.5882312954005704
JBLQNFBXKOAIHG-FCEWJHQRSA-N	0.8212877730428974
JBLQNFBXKOAIHG-FCEWJHQRSA-N	0.805373016975728
JBLQNFBXKOAIHG-FCEWJHQRSA-N	0.8238048269458271
JBLQNFBXKOAIHG-FCEWJHQRSA-N	0.9258200997725514
JBLQNFBXKOAIHG-FCEWJHQRSA-N	0.884724869797439
JBLQNFBXKOAIHG-FCEWJHQRSA-N	0.904534033733291
JBLQNFBXKOAIHG-FCEWJHQRSA-N	0.8212877730428974
JBLQNFBXKOAIHG-FCEWJHQRSA-N	0.8936504412303007
JBLQNFBXKOAIHG-FCEWJHQRSA-N	0.805373016975728
JBLQNFBXKOAIHG-FCEWJHQRSA-N	0.8238048269458271
DJRUWESABPZMRB-UHFFFAOYSA-N	1.0
DJRUWESABPZMRB-UHFFFAOYSA-N	1.0
DJRUWESABPZMRB-UHFFFAOYSA-N	1.0
DJRUWESABPZMRB-UHFFFAOYSA-N	1.0
DJRUWESABPZMRB-UHFFFAOYSA-N	1.0
DJRUWESABPZMRB-UHFFFAOYSA-N	1.0
DJRUWESABPZMRB-UHFFFAOYSA-N	1.0
DJRUWESABPZMRB-UHFFFAOYSA-N	1.0
DJRUWESABPZMRB-UHFFFAOYSA-N	1.0
DJRUWESABPZMRB-UHFFFAOYSA-N	1.0
WNSQJVPADMGXTG-URLMMPGGSA-N	0.6548564946412163
WNSQJVPADMGXTG-URLMMPGGSA-N	0.6548564946412163
WNSQJVPADMGXTG-URLMMPGGSA-N	0.5640772770246582
WNSQJVPADMGXTG-URLMMPGGSA-N	0.5640772770246582
WNSQJVPADMGXTG-URLMMPGGSA-N	0.7666666666666666
WNSQJVPADMGXTG-URLMMPGGSA-N	0.7666666666666666
WNSQJVPADMGXTG-URLMMPGGSA-N	0.7002505817155616
WNSQJVPADMGXTG-URLMMPGGSA-N	0.7055942515803596
WNSQJVPADMGXTG-URLMMPGGSA-N	0.8660254037844386
WNSQJVPADMGXTG-URLMMPGGSA-N	0.7467576975321576
WNSQJVPADMGXTG-URLMMPGGSA-N	0.7467576975321576
WNSQJVPADMGXTG-URLMMPGGSA-N	0.5841635662817267
WNSQJVPADMGXTG-URLMMPGGSA-N	0.5841635662817267
WNSQJVPADMGXTG-URLMMPGGSA-N	0.5356766216123361
WNSQJVPADMGXTG-URLMMPGGSA-N	0.5382733340736622
WNSQJVPADMGXTG-URLMMPGGSA-N	0.7467576975321576
WNSQJVPADMGXTG-URLMMPGGSA-N	0.7467576975321576
WNSQJVPADMGXTG-URLMMPGGSA-N	0.5841635662817267
WNSQJVPADMGXTG-URLMMPGGSA-N	0.5841635662817267
WNSQJVPADMGXTG-URLMMPGGSA-N	0.5356766216123361
WNSQJVPADMGXTG-URLMMPGGSA-N	0.5382733340736622
WNSQJVPADMGXTG-URLMMPGGSA-N	0.8944271909999159
WNSQJVPADMGXTG-URLMMPGGSA-N	0.5642946042239976
WNSQJVPADMGXTG-URLMMPGGSA-N	0.5642946042239976
WNSQJVPADMGXTG-URLMMPGGSA-N	0.5189110111199918
WNSQJVPADMGXTG-URLMMPGGSA-N	0.5205574245323498
WNSQJVPADMGXTG-URLMMPGGSA-N	0.5642946042239976
WNSQJVPADMGXTG-URLMMPGGSA-N	0.5642946042239976
WNSQJVPADMGXTG-URLMMPGGSA-N	0.5189110111199918
WNSQJVPADMGXTG-URLMMPGGSA-N	0.5205574245323498
WNSQJVPADMGXTG-URLMMPGGSA-N	0.8944271909999159
WNSQJVPADMGXTG-URLMMPGGSA-N	0.8086830367753821
WNSQJVPADMGXTG-URLMMPGGSA-N	0.6998168258505862
WNSQJVPADMGXTG-URLMMPGGSA-N	0.8086830367753821
WNSQJVPADMGXTG-URLMMPGGSA-N	0.6998168258505862
WNSQJVPADMGXTG-URLMMPGGSA-N	0.6995986988540928
YTINZZFBHWSAGL-NDEPHWFRSA-N	0.5765937195810561
YTINZZFBHWSAGL-NDEPHWFRSA-N	0.5765937195810561
YTINZZFBHWSAGL-NDEPHWFRSA-N	0.6161317038266914
YTINZZFBHWSAGL-NDEPHWFRSA-N	0.6161317038266914
YTINZZFBHWSAGL-NDEPHWFRSA-N	0.6161317038266914
YTINZZFBHWSAGL-NDEPHWFRSA-N	0.5765937195810561
YTINZZFBHWSAGL-NDEPHWFRSA-N	0.5555140399628515
YTINZZFBHWSAGL-NDEPHWFRSA-N	0.5555140399628515
YTINZZFBHWSAGL-NDEPHWFRSA-N	0.43575331597241157
YTINZZFBHWSAGL-NDEPHWFRSA-N	0.8944271909999159
YTINZZFBHWSAGL-NDEPHWFRSA-N	0.8332337193852253
YTINZZFBHWSAGL-NDEPHWFRSA-N	0.8332337193852253
YTINZZFBHWSAGL-NDEPHWFRSA-N	0.8332337193852253
YTINZZFBHWSAGL-NDEPHWFRSA-N	0.8944271909999159
YTINZZFBHWSAGL-NDEPHWFRSA-N	0.8633070979084704
YTINZZFBHWSAGL-NDEPHWFRSA-N	0.8633070979084704
YTINZZFBHWSAGL-NDEPHWFRSA-N	0.764093177458341
YTINZZFBHWSAGL-NDEPHWFRSA-N	0.8332337193852253
YTINZZFBHWSAGL-NDEPHWFRSA-N	0.8332337193852253
YTINZZFBHWSAGL-NDEPHWFRSA-N	0.8332337193852253
YTINZZFBHWSAGL-NDEPHWFRSA-N	0.8944271909999159
YTINZZFBHWSAGL-NDEPHWFRSA-N	0.8633070979084704
YTINZZFBHWSAGL-NDEPHWFRSA-N	0.8633070979084704
YTINZZFBHWSAGL-NDEPHWFRSA-N	0.764093177458341
YTINZZFBHWSAGL-NDEPHWFRSA-N	1.0
YTINZZFBHWSAGL-NDEPHWFRSA-N	1.0
YTINZZFBHWSAGL-NDEPHWFRSA-N	0.8332337193852253
YTINZZFBHWSAGL-NDEPHWFRSA-N	0.8048985760867824
YTINZZFBHWSAGL-NDEPHWFRSA-N	0.8048985760867824
YTINZZFBHWSAGL-NDEPHWFRSA-N	0.693755715278226
YTINZZFBHWSAGL-NDEPHWFRSA-N	1.0
YTINZZFBHWSAGL-NDEPHWFRSA-N	0.8332337193852253
YTINZZFBHWSAGL-NDEPHWFRSA-N	0.8048985760867824
YTINZZFBHWSAGL-NDEPHWFRSA-N	0.8048985760867824
YTINZZFBHWSAGL-NDEPHWFRSA-N	0.693755715278226
YTINZZFBHWSAGL-NDEPHWFRSA-N	0.8332337193852253
YTINZZFBHWSAGL-NDEPHWFRSA-N	0.8048985760867824
YTINZZFBHWSAGL-NDEPHWFRSA-N	0.8048985760867824
YTINZZFBHWSAGL-NDEPHWFRSA-N	0.693755715278226
YTINZZFBHWSAGL-NDEPHWFRSA-N	0.8633070979084704
YTINZZFBHWSAGL-NDEPHWFRSA-N	0.8633070979084704
YTINZZFBHWSAGL-NDEPHWFRSA-N	0.764093177458341
YTINZZFBHWSAGL-NDEPHWFRSA-N	0.8944271909999159
YTINZZFBHWSAGL-NDEPHWFRSA-N	0.7353507603455243
YTINZZFBHWSAGL-NDEPHWFRSA-N	0.7353507603455243
HNTGMIGBGVFOBT-UHFFFAOYSA-N	0.5692839792970193
HNTGMIGBGVFOBT-UHFFFAOYSA-N	0.5692839792970193
HNTGMIGBGVFOBT-UHFFFAOYSA-N	0.5692839792970193
HNTGMIGBGVFOBT-UHFFFAOYSA-N	0.4419266288640517
HNTGMIGBGVFOBT-UHFFFAOYSA-N	0.32503404536622105
HNTGMIGBGVFOBT-UHFFFAOYSA-N	0.4142041785944482
HNTGMIGBGVFOBT-UHFFFAOYSA-N	0.4419266288640517
HNTGMIGBGVFOBT-UHFFFAOYSA-N	0.4632314036562432
HNTGMIGBGVFOBT-UHFFFAOYSA-N	0.4632314036562432
HNTGMIGBGVFOBT-UHFFFAOYSA-N	1.0
HNTGMIGBGVFOBT-UHFFFAOYSA-N	0.6698641270570836
HNTGMIGBGVFOBT-UHFFFAOYSA-N	0.7856742013183861
HNTGMIGBGVFOBT-UHFFFAOYSA-N	0.4884859510086345
HNTGMIGBGVFOBT-UHFFFAOYSA-N	0.49102673179219486
HNTGMIGBGVFOBT-UHFFFAOYSA-N	0.7856742013183861
HNTGMIGBGVFOBT-UHFFFAOYSA-N	0.5256931389634797
HNTGMIGBGVFOBT-UHFFFAOYSA-N	0.5256931389634797
HNTGMIGBGVFOBT-UHFFFAOYSA-N	0.6698641270570836
HNTGMIGBGVFOBT-UHFFFAOYSA-N	0.7856742013183861
HNTGMIGBGVFOBT-UHFFFAOYSA-N	0.4884859510086345
HNTGMIGBGVFOBT-UHFFFAOYSA-N	0.49102673179219486
HNTGMIGBGVFOBT-UHFFFAOYSA-N	0.7856742013183861
HNTGMIGBGVFOBT-UHFFFAOYSA-N	0.5256931389634797
HNTGMIGBGVFOBT-UHFFFAOYSA-N	0.5256931389634797
HNTGMIGBGVFOBT-UHFFFAOYSA-N	0.5390716933750933
HNTGMIGBGVFOBT-UHFFFAOYSA-N	0.3431317581537581
HNTGMIGBGVFOBT-UHFFFAOYSA-N	0.7261408594309325
HNTGMIGBGVFOBT-UHFFFAOYSA-N	0.5390716933750933
HNTGMIGBGVFOBT-UHFFFAOYSA-N	0.5456379731294347
HNTGMIGBGVFOBT-UHFFFAOYSA-N	0.5456379731294347
HNTGMIGBGVFOBT-UHFFFAOYSA-N	0.5705694090550689
HNTGMIGBGVFOBT-UHFFFAOYSA-N	0.4894215962833055
HNTGMIGBGVFOBT-UHFFFAOYSA-N	1.0
HNTGMIGBGVFOBT-UHFFFAOYSA-N	0.5310850045437944
HNTGMIGBGVFOBT-UHFFFAOYSA-N	0.5310850045437944
HNTGMIGBGVFOBT-UHFFFAOYSA-N	0.30759913525574994
HNTGMIGBGVFOBT-UHFFFAOYSA-N	0.5705694090550689
HNTGMIGBGVFOBT-UHFFFAOYSA-N	0.48888750138553244
HNTGMIGBGVFOBT-UHFFFAOYSA-N	0.48888750138553244
HNTGMIGBGVFOBT-UHFFFAOYSA-N	0.4894215962833055
HNTGMIGBGVFOBT-UHFFFAOYSA-N	0.5016834427069291
HNTGMIGBGVFOBT-UHFFFAOYSA-N	0.5016834427069291
HNTGMIGBGVFOBT-UHFFFAOYSA-N	0.5310850045437944
HNTGMIGBGVFOBT-UHFFFAOYSA-N	0.5310850045437944
HNTGMIGBGVFOBT-UHFFFAOYSA-N	1.0
QYNSTSVJRRGHLN-PPNCUWOSSA-N	1.0
QYNSTSVJRRGHLN-PPNCUWOSSA-N	0.7931602240736778
QYNSTSVJRRGHLN-PPNCUWOSSA-N	0.8521989185450264
QYNSTSVJRRGHLN-PPNCUWOSSA-N	0.8521989185450264
QYNSTSVJRRGHLN-PPNCUWOSSA-N	0.7931602240736778
QYNSTSVJRRGHLN-PPNCUWOSSA-N	0.781158431329963
QYNSTSVJRRGHLN-PPNCUWOSSA-N	0.7711394945298594
QYNSTSVJRRGHLN-PPNCUWOSSA-N	1.0
QYNSTSVJRRGHLN-PPNCUWOSSA-N	0.7711394945298594
QYNSTSVJRRGHLN-PPNCUWOSSA-N	0.7931602240736778
QYNSTSVJRRGHLN-PPNCUWOSSA-N	0.8521989185450264
QYNSTSVJRRGHLN-PPNCUWOSSA-N	0.8521989185450264
QYNSTSVJRRGHLN-PPNCUWOSSA-N	0.7931602240736778
QYNSTSVJRRGHLN-PPNCUWOSSA-N	0.781158431329963
QYNSTSVJRRGHLN-PPNCUWOSSA-N	0.7711394945298594
QYNSTSVJRRGHLN-PPNCUWOSSA-N	1.0
QYNSTSVJRRGHLN-PPNCUWOSSA-N	0.7711394945298594
QYNSTSVJRRGHLN-PPNCUWOSSA-N	0.8245787092899611
QYNSTSVJRRGHLN-PPNCUWOSSA-N	0.8245787092899611
QYNSTSVJRRGHLN-PPNCUWOSSA-N	1.0
QYNSTSVJRRGHLN-PPNCUWOSSA-N	0.7526568482371058
QYNSTSVJRRGHLN-PPNCUWOSSA-N	0.5899938698879253
QYNSTSVJRRGHLN-PPNCUWOSSA-N	0.7931602240736778
QYNSTSVJRRGHLN-PPNCUWOSSA-N	0.5899938698879253
QYNSTSVJRRGHLN-PPNCUWOSSA-N	1.0
QYNSTSVJRRGHLN-PPNCUWOSSA-N	0.8245787092899611
QYNSTSVJRRGHLN-PPNCUWOSSA-N	0.9025524030969806
QYNSTSVJRRGHLN-PPNCUWOSSA-N	0.6414598148602929
QYNSTSVJRRGHLN-PPNCUWOSSA-N	0.8521989185450264
QYNSTSVJRRGHLN-PPNCUWOSSA-N	0.6414598148602929
QYNSTSVJRRGHLN-PPNCUWOSSA-N	0.8245787092899611
QYNSTSVJRRGHLN-PPNCUWOSSA-N	0.9025524030969806
QYNSTSVJRRGHLN-PPNCUWOSSA-N	0.6414598148602929
QYNSTSVJRRGHLN-PPNCUWOSSA-N	0.8521989185450264
QYNSTSVJRRGHLN-PPNCUWOSSA-N	0.6414598148602929
QYNSTSVJRRGHLN-PPNCUWOSSA-N	0.7526568482371058
QYNSTSVJRRGHLN-PPNCUWOSSA-N	0.5899938698879253
QYNSTSVJRRGHLN-PPNCUWOSSA-N	0.7931602240736778
QYNSTSVJRRGHLN-PPNCUWOSSA-N	0.5899938698879253
QYNSTSVJRRGHLN-PPNCUWOSSA-N	0.588734768136937
QYNSTSVJRRGHLN-PPNCUWOSSA-N	0.781158431329963
QYNSTSVJRRGHLN-PPNCUWOSSA-N	0.588734768136937
QYNSTSVJRRGHLN-PPNCUWOSSA-N	0.7711394945298594
QYNSTSVJRRGHLN-PPNCUWOSSA-N	1.0
QYNSTSVJRRGHLN-PPNCUWOSSA-N	0.7711394945298594
DLLGXKPWXXZQFL-UHFFFAOYSA-N	0.8944271909999159
DLLGXKPWXXZQFL-UHFFFAOYSA-N	0.5181877251716008
DLLGXKPWXXZQFL-UHFFFAOYSA-N	0.5918953759360025
DLLGXKPWXXZQFL-UHFFFAOYSA-N	0.4192899874397807
DLLGXKPWXXZQFL-UHFFFAOYSA-N	0.4208127057650866
DLLGXKPWXXZQFL-UHFFFAOYSA-N	0.4208127057650866
DLLGXKPWXXZQFL-UHFFFAOYSA-N	0.3030197809621032
DLLGXKPWXXZQFL-UHFFFAOYSA-N	0.3030197809621032
DLLGXKPWXXZQFL-UHFFFAOYSA-N	0.3030197809621032
DLLGXKPWXXZQFL-UHFFFAOYSA-N	0.5676462121975467
DLLGXKPWXXZQFL-UHFFFAOYSA-N	0.6393200753379787
DLLGXKPWXXZQFL-UHFFFAOYSA-N	0.4482398510584024
DLLGXKPWXXZQFL-UHFFFAOYSA-N	0.4498677054212187
DLLGXKPWXXZQFL-UHFFFAOYSA-N	0.4498677054212187
DLLGXKPWXXZQFL-UHFFFAOYSA-N	0.3164938390685515
DLLGXKPWXXZQFL-UHFFFAOYSA-N	0.3164938390685515
DLLGXKPWXXZQFL-UHFFFAOYSA-N	0.3164938390685515
DLLGXKPWXXZQFL-UHFFFAOYSA-N	0.5327519506932828
DLLGXKPWXXZQFL-UHFFFAOYSA-N	0.6590851802717166
DLLGXKPWXXZQFL-UHFFFAOYSA-N	0.6614378277661477
DLLGXKPWXXZQFL-UHFFFAOYSA-N	0.6614378277661477
DLLGXKPWXXZQFL-UHFFFAOYSA-N	0.47303851016462223
DLLGXKPWXXZQFL-UHFFFAOYSA-N	0.47303851016462223
DLLGXKPWXXZQFL-UHFFFAOYSA-N	0.47303851016462223
DLLGXKPWXXZQFL-UHFFFAOYSA-N	0.4381339805856664
DLLGXKPWXXZQFL-UHFFFAOYSA-N	0.4419573267405033
DLLGXKPWXXZQFL-UHFFFAOYSA-N	0.43970689291331905
DLLGXKPWXXZQFL-UHFFFAOYSA-N	0.3200338301205865
DLLGXKPWXXZQFL-UHFFFAOYSA-N	0.3200338301205865
DLLGXKPWXXZQFL-UHFFFAOYSA-N	0.3200338301205865
DLLGXKPWXXZQFL-UHFFFAOYSA-N	0.632144277648926
DLLGXKPWXXZQFL-UHFFFAOYSA-N	0.6668859288553503
DLLGXKPWXXZQFL-UHFFFAOYSA-N	0.4950324102140691
DLLGXKPWXXZQFL-UHFFFAOYSA-N	0.4950324102140691
DLLGXKPWXXZQFL-UHFFFAOYSA-N	0.4950324102140691
DLLGXKPWXXZQFL-UHFFFAOYSA-N	0.634142532981941
DLLGXKPWXXZQFL-UHFFFAOYSA-N	0.4827719783384109
DLLGXKPWXXZQFL-UHFFFAOYSA-N	0.4827719783384109
DLLGXKPWXXZQFL-UHFFFAOYSA-N	0.4827719783384109
DLLGXKPWXXZQFL-UHFFFAOYSA-N	0.6500915686417165
DLLGXKPWXXZQFL-UHFFFAOYSA-N	0.6500915686417165
DLLGXKPWXXZQFL-UHFFFAOYSA-N	0.6500915686417165
DLLGXKPWXXZQFL-UHFFFAOYSA-N	0.9128709291752769
DLLGXKPWXXZQFL-UHFFFAOYSA-N	0.9128709291752769
DLLGXKPWXXZQFL-UHFFFAOYSA-N	0.9128709291752769
BSHFCWWTFQFTPC-UHFFFAOYSA-N	0.8058229640253803
BSHFCWWTFQFTPC-UHFFFAOYSA-N	0.8058229640253803
BSHFCWWTFQFTPC-UHFFFAOYSA-N	0.35445877847928325
BSHFCWWTFQFTPC-UHFFFAOYSA-N	0.3739787960033829
BSHFCWWTFQFTPC-UHFFFAOYSA-N	0.3739787960033829
BSHFCWWTFQFTPC-UHFFFAOYSA-N	0.5482053452212049
BSHFCWWTFQFTPC-UHFFFAOYSA-N	0.7981459998252431
BSHFCWWTFQFTPC-UHFFFAOYSA-N	0.47496867064601017
BSHFCWWTFQFTPC-UHFFFAOYSA-N	0.6866065623255952
BSHFCWWTFQFTPC-UHFFFAOYSA-N	1.0
BSHFCWWTFQFTPC-UHFFFAOYSA-N	0.36714919964305354
BSHFCWWTFQFTPC-UHFFFAOYSA-N	0.38557180925761614
BSHFCWWTFQFTPC-UHFFFAOYSA-N	0.38557180925761614
BSHFCWWTFQFTPC-UHFFFAOYSA-N	0.5513331605919002
BSHFCWWTFQFTPC-UHFFFAOYSA-N	0.7968190728895957
BSHFCWWTFQFTPC-UHFFFAOYSA-N	0.6886840453253685
BSHFCWWTFQFTPC-UHFFFAOYSA-N	0.8577378887016043
BSHFCWWTFQFTPC-UHFFFAOYSA-N	0.36714919964305354
BSHFCWWTFQFTPC-UHFFFAOYSA-N	0.38557180925761614
BSHFCWWTFQFTPC-UHFFFAOYSA-N	0.38557180925761614
BSHFCWWTFQFTPC-UHFFFAOYSA-N	0.5513331605919002
BSHFCWWTFQFTPC-UHFFFAOYSA-N	0.7968190728895957
BSHFCWWTFQFTPC-UHFFFAOYSA-N	0.6886840453253685
BSHFCWWTFQFTPC-UHFFFAOYSA-N	0.8577378887016043
BSHFCWWTFQFTPC-UHFFFAOYSA-N	0.8470984344075708
BSHFCWWTFQFTPC-UHFFFAOYSA-N	0.8470984344075708
BSHFCWWTFQFTPC-UHFFFAOYSA-N	0.4501082120972718
BSHFCWWTFQFTPC-UHFFFAOYSA-N	0.45342519294190703
BSHFCWWTFQFTPC-UHFFFAOYSA-N	0.4592130479163493
BSHFCWWTFQFTPC-UHFFFAOYSA-N	0.4618567833340637
BSHFCWWTFQFTPC-UHFFFAOYSA-N	0.8944271909999159
BSHFCWWTFQFTPC-UHFFFAOYSA-N	0.3754362541795624
BSHFCWWTFQFTPC-UHFFFAOYSA-N	0.37859388972001823
BSHFCWWTFQFTPC-UHFFFAOYSA-N	0.3859434945071376
BSHFCWWTFQFTPC-UHFFFAOYSA-N	0.3884033249820898
BSHFCWWTFQFTPC-UHFFFAOYSA-N	0.3754362541795624
BSHFCWWTFQFTPC-UHFFFAOYSA-N	0.37859388972001823
BSHFCWWTFQFTPC-UHFFFAOYSA-N	0.3859434945071376
BSHFCWWTFQFTPC-UHFFFAOYSA-N	0.3884033249820898
BSHFCWWTFQFTPC-UHFFFAOYSA-N	0.7964205637009345
BSHFCWWTFQFTPC-UHFFFAOYSA-N	0.8564557685697981
BSHFCWWTFQFTPC-UHFFFAOYSA-N	0.6858058546918875
BSHFCWWTFQFTPC-UHFFFAOYSA-N	0.6858058546918875
BSHFCWWTFQFTPC-UHFFFAOYSA-N	0.8564557685697981
BSHFCWWTFQFTPC-UHFFFAOYSA-N	0.8527790703676673
IQNMCFJVBQJVNL-UHFFFAOYSA-N	0.6831300510639732
IQNMCFJVBQJVNL-UHFFFAOYSA-N	0.9354143466934853
IQNMCFJVBQJVNL-UHFFFAOYSA-N	0.9354143466934853
IQNMCFJVBQJVNL-UHFFFAOYSA-N	0.6319062870042959
IQNMCFJVBQJVNL-UHFFFAOYSA-N	0.6319062870042959
IQNMCFJVBQJVNL-UHFFFAOYSA-N	1.0
FHZZJWMSTHGNQS-UHFFFAOYSA-N	0.8944271909999159
FHZZJWMSTHGNQS-UHFFFAOYSA-N	0.8944271909999159
FHZZJWMSTHGNQS-UHFFFAOYSA-N	0.8944271909999159
FHZZJWMSTHGNQS-UHFFFAOYSA-N	0.7550312837373592
FHZZJWMSTHGNQS-UHFFFAOYSA-N	0.7550312837373592
FHZZJWMSTHGNQS-UHFFFAOYSA-N	0.7986614315869563
FHZZJWMSTHGNQS-UHFFFAOYSA-N	0.7986614315869563
FHZZJWMSTHGNQS-UHFFFAOYSA-N	0.6647144906845764
FHZZJWMSTHGNQS-UHFFFAOYSA-N	0.7050361858740393
FHZZJWMSTHGNQS-UHFFFAOYSA-N	0.8944271909999159
FHZZJWMSTHGNQS-UHFFFAOYSA-N	1.0
FHZZJWMSTHGNQS-UHFFFAOYSA-N	0.8441506377878333
FHZZJWMSTHGNQS-UHFFFAOYSA-N	0.8441506377878333
FHZZJWMSTHGNQS-UHFFFAOYSA-N	0.7986614315869563
FHZZJWMSTHGNQS-UHFFFAOYSA-N	0.7986614315869563
FHZZJWMSTHGNQS-UHFFFAOYSA-N	0.6647144906845764
FHZZJWMSTHGNQS-UHFFFAOYSA-N	0.7050361858740393
FHZZJWMSTHGNQS-UHFFFAOYSA-N	0.8944271909999159
FHZZJWMSTHGNQS-UHFFFAOYSA-N	0.7550312837373592
FHZZJWMSTHGNQS-UHFFFAOYSA-N	0.7550312837373592
FHZZJWMSTHGNQS-UHFFFAOYSA-N	0.7986614315869563
FHZZJWMSTHGNQS-UHFFFAOYSA-N	0.7986614315869563
FHZZJWMSTHGNQS-UHFFFAOYSA-N	0.6647144906845764
FHZZJWMSTHGNQS-UHFFFAOYSA-N	0.7050361858740393
FHZZJWMSTHGNQS-UHFFFAOYSA-N	0.8441506377878333
FHZZJWMSTHGNQS-UHFFFAOYSA-N	0.8441506377878333
FHZZJWMSTHGNQS-UHFFFAOYSA-N	0.7986614315869563
FHZZJWMSTHGNQS-UHFFFAOYSA-N	0.7986614315869563
FHZZJWMSTHGNQS-UHFFFAOYSA-N	0.6647144906845764
FHZZJWMSTHGNQS-UHFFFAOYSA-N	0.7050361858740393
FHZZJWMSTHGNQS-UHFFFAOYSA-N	1.0
FHZZJWMSTHGNQS-UHFFFAOYSA-N	0.6966305460192359
FHZZJWMSTHGNQS-UHFFFAOYSA-N	0.6966305460192359
FHZZJWMSTHGNQS-UHFFFAOYSA-N	0.6467616667635545
FHZZJWMSTHGNQS-UHFFFAOYSA-N	0.6859943405700354
FHZZJWMSTHGNQS-UHFFFAOYSA-N	0.6966305460192359
FHZZJWMSTHGNQS-UHFFFAOYSA-N	0.6966305460192359
FHZZJWMSTHGNQS-UHFFFAOYSA-N	0.6467616667635545
FHZZJWMSTHGNQS-UHFFFAOYSA-N	0.6859943405700354
FHZZJWMSTHGNQS-UHFFFAOYSA-N	1.0
FHZZJWMSTHGNQS-UHFFFAOYSA-N	0.649003481689224
FHZZJWMSTHGNQS-UHFFFAOYSA-N	0.6883721443741945
FHZZJWMSTHGNQS-UHFFFAOYSA-N	0.649003481689224
FHZZJWMSTHGNQS-UHFFFAOYSA-N	0.6883721443741945
FHZZJWMSTHGNQS-UHFFFAOYSA-N	0.8819171036881969
KJDKPNUDCPAPKM-UHFFFAOYSA-N	0.0
KJDKPNUDCPAPKM-UHFFFAOYSA-N	0.0
KJDKPNUDCPAPKM-UHFFFAOYSA-N	0.0
KJDKPNUDCPAPKM-UHFFFAOYSA-N	0.0
KJDKPNUDCPAPKM-UHFFFAOYSA-N	0.0
KJDKPNUDCPAPKM-UHFFFAOYSA-N	0.0
KJDKPNUDCPAPKM-UHFFFAOYSA-N	0.0
KJDKPNUDCPAPKM-UHFFFAOYSA-N	0.0
KJDKPNUDCPAPKM-UHFFFAOYSA-N	0.0
KJDKPNUDCPAPKM-UHFFFAOYSA-N	0.6167310133738555
KJDKPNUDCPAPKM-UHFFFAOYSA-N	0.5073533358591499
KJDKPNUDCPAPKM-UHFFFAOYSA-N	0.5372488842579048
KJDKPNUDCPAPKM-UHFFFAOYSA-N	0.46152470194459855
KJDKPNUDCPAPKM-UHFFFAOYSA-N	0.46152470194459855
KJDKPNUDCPAPKM-UHFFFAOYSA-N	0.5073533358591499
KJDKPNUDCPAPKM-UHFFFAOYSA-N	0.38019133938775423
KJDKPNUDCPAPKM-UHFFFAOYSA-N	0.38019133938775423
KJDKPNUDCPAPKM-UHFFFAOYSA-N	0.5285941398709244
KJDKPNUDCPAPKM-UHFFFAOYSA-N	0.47677543436592323
KJDKPNUDCPAPKM-UHFFFAOYSA-N	0.41306779104645763
KJDKPNUDCPAPKM-UHFFFAOYSA-N	0.41306779104645763
KJDKPNUDCPAPKM-UHFFFAOYSA-N	0.5285941398709244
KJDKPNUDCPAPKM-UHFFFAOYSA-N	0.3927966594642507
KJDKPNUDCPAPKM-UHFFFAOYSA-N	0.3927966594642507
KJDKPNUDCPAPKM-UHFFFAOYSA-N	0.4887452428426533
KJDKPNUDCPAPKM-UHFFFAOYSA-N	0.41946886851429277
KJDKPNUDCPAPKM-UHFFFAOYSA-N	0.41946886851429277
KJDKPNUDCPAPKM-UHFFFAOYSA-N	1.0
KJDKPNUDCPAPKM-UHFFFAOYSA-N	0.7541720693608864
KJDKPNUDCPAPKM-UHFFFAOYSA-N	0.7541720693608864
KJDKPNUDCPAPKM-UHFFFAOYSA-N	0.47055151979604654
KJDKPNUDCPAPKM-UHFFFAOYSA-N	0.47055151979604654
KJDKPNUDCPAPKM-UHFFFAOYSA-N	0.4887452428426533
KJDKPNUDCPAPKM-UHFFFAOYSA-N	0.3840345264198487
KJDKPNUDCPAPKM-UHFFFAOYSA-N	0.3840345264198487
KJDKPNUDCPAPKM-UHFFFAOYSA-N	0.7071067811865476
KJDKPNUDCPAPKM-UHFFFAOYSA-N	0.41946886851429277
KJDKPNUDCPAPKM-UHFFFAOYSA-N	0.37468601573799143
KJDKPNUDCPAPKM-UHFFFAOYSA-N	0.37468601573799143
KJDKPNUDCPAPKM-UHFFFAOYSA-N	0.41946886851429277
KJDKPNUDCPAPKM-UHFFFAOYSA-N	0.37468601573799143
KJDKPNUDCPAPKM-UHFFFAOYSA-N	0.37468601573799143
KJDKPNUDCPAPKM-UHFFFAOYSA-N	0.7541720693608864
KJDKPNUDCPAPKM-UHFFFAOYSA-N	0.7541720693608864
KJDKPNUDCPAPKM-UHFFFAOYSA-N	1.0
OEBVYNULNKSONR-UHFFFAOYSA-N	0.62237101395578
OEBVYNULNKSONR-UHFFFAOYSA-N	0.62237101395578
OEBVYNULNKSONR-UHFFFAOYSA-N	0.6096127030456339
OEBVYNULNKSONR-UHFFFAOYSA-N	0.6096127030456339
OEBVYNULNKSONR-UHFFFAOYSA-N	0.6096127030456339
OEBVYNULNKSONR-UHFFFAOYSA-N	0.6096127030456339
OEBVYNULNKSONR-UHFFFAOYSA-N	0.5433698888606189
OEBVYNULNKSONR-UHFFFAOYSA-N	0.6096127030456339
OEBVYNULNKSONR-UHFFFAOYSA-N	0.6096127030456339
OEBVYNULNKSONR-UHFFFAOYSA-N	1.0
OEBVYNULNKSONR-UHFFFAOYSA-N	0.4067266739489645
OEBVYNULNKSONR-UHFFFAOYSA-N	0.4067266739489645
OEBVYNULNKSONR-UHFFFAOYSA-N	0.4067266739489645
OEBVYNULNKSONR-UHFFFAOYSA-N	0.4067266739489645
OEBVYNULNKSONR-UHFFFAOYSA-N	0.36255815078193004
OEBVYNULNKSONR-UHFFFAOYSA-N	0.4067266739489645
OEBVYNULNKSONR-UHFFFAOYSA-N	0.4067266739489645
OEBVYNULNKSONR-UHFFFAOYSA-N	0.4067266739489645
OEBVYNULNKSONR-UHFFFAOYSA-N	0.4067266739489645
OEBVYNULNKSONR-UHFFFAOYSA-N	0.4067266739489645
OEBVYNULNKSONR-UHFFFAOYSA-N	0.4067266739489645
OEBVYNULNKSONR-UHFFFAOYSA-N	0.36255815078193004
OEBVYNULNKSONR-UHFFFAOYSA-N	0.4067266739489645
OEBVYNULNKSONR-UHFFFAOYSA-N	0.4067266739489645
OEBVYNULNKSONR-UHFFFAOYSA-N	1.0
OEBVYNULNKSONR-UHFFFAOYSA-N	1.0
OEBVYNULNKSONR-UHFFFAOYSA-N	1.0
OEBVYNULNKSONR-UHFFFAOYSA-N	0.8819171036881969
OEBVYNULNKSONR-UHFFFAOYSA-N	1.0
OEBVYNULNKSONR-UHFFFAOYSA-N	1.0
OEBVYNULNKSONR-UHFFFAOYSA-N	1.0
OEBVYNULNKSONR-UHFFFAOYSA-N	1.0
OEBVYNULNKSONR-UHFFFAOYSA-N	0.8819171036881969
OEBVYNULNKSONR-UHFFFAOYSA-N	1.0
OEBVYNULNKSONR-UHFFFAOYSA-N	1.0
OEBVYNULNKSONR-UHFFFAOYSA-N	1.0
OEBVYNULNKSONR-UHFFFAOYSA-N	0.8819171036881969
OEBVYNULNKSONR-UHFFFAOYSA-N	1.0
OEBVYNULNKSONR-UHFFFAOYSA-N	1.0
OEBVYNULNKSONR-UHFFFAOYSA-N	0.8819171036881969
OEBVYNULNKSONR-UHFFFAOYSA-N	1.0
OEBVYNULNKSONR-UHFFFAOYSA-N	1.0
OEBVYNULNKSONR-UHFFFAOYSA-N	0.8819171036881969
OEBVYNULNKSONR-UHFFFAOYSA-N	0.8819171036881969
OEBVYNULNKSONR-UHFFFAOYSA-N	1.0
POSWICCRDBKBMH-UHFFFAOYSA-N	1.0
POSWICCRDBKBMH-UHFFFAOYSA-N	1.0
POSWICCRDBKBMH-UHFFFAOYSA-N	1.0
POSWICCRDBKBMH-UHFFFAOYSA-N	1.0
POSWICCRDBKBMH-UHFFFAOYSA-N	1.0
POSWICCRDBKBMH-UHFFFAOYSA-N	1.0
POSWICCRDBKBMH-UHFFFAOYSA-N	1.0
POSWICCRDBKBMH-UHFFFAOYSA-N	1.0
POSWICCRDBKBMH-UHFFFAOYSA-N	1.0
POSWICCRDBKBMH-UHFFFAOYSA-N	1.0
POSWICCRDBKBMH-UHFFFAOYSA-N	1.0
POSWICCRDBKBMH-UHFFFAOYSA-N	1.0
POSWICCRDBKBMH-UHFFFAOYSA-N	1.0
POSWICCRDBKBMH-UHFFFAOYSA-N	1.0
POSWICCRDBKBMH-UHFFFAOYSA-N	1.0
POSWICCRDBKBMH-UHFFFAOYSA-N	1.0
POSWICCRDBKBMH-UHFFFAOYSA-N	1.0
POSWICCRDBKBMH-UHFFFAOYSA-N	1.0
POSWICCRDBKBMH-UHFFFAOYSA-N	1.0
POSWICCRDBKBMH-UHFFFAOYSA-N	1.0
POSWICCRDBKBMH-UHFFFAOYSA-N	1.0
POSWICCRDBKBMH-UHFFFAOYSA-N	1.0
POSWICCRDBKBMH-UHFFFAOYSA-N	1.0
POSWICCRDBKBMH-UHFFFAOYSA-N	1.0
POSWICCRDBKBMH-UHFFFAOYSA-N	1.0
POSWICCRDBKBMH-UHFFFAOYSA-N	1.0
POSWICCRDBKBMH-UHFFFAOYSA-N	1.0
POSWICCRDBKBMH-UHFFFAOYSA-N	1.0
POSWICCRDBKBMH-UHFFFAOYSA-N	1.0
POSWICCRDBKBMH-UHFFFAOYSA-N	1.0
POSWICCRDBKBMH-UHFFFAOYSA-N	1.0
POSWICCRDBKBMH-UHFFFAOYSA-N	1.0
POSWICCRDBKBMH-UHFFFAOYSA-N	1.0
POSWICCRDBKBMH-UHFFFAOYSA-N	1.0
POSWICCRDBKBMH-UHFFFAOYSA-N	1.0
POSWICCRDBKBMH-UHFFFAOYSA-N	1.0
POSWICCRDBKBMH-UHFFFAOYSA-N	1.0
POSWICCRDBKBMH-UHFFFAOYSA-N	1.0
POSWICCRDBKBMH-UHFFFAOYSA-N	1.0
POSWICCRDBKBMH-UHFFFAOYSA-N	1.0
POSWICCRDBKBMH-UHFFFAOYSA-N	1.0
POSWICCRDBKBMH-UHFFFAOYSA-N	1.0
POSWICCRDBKBMH-UHFFFAOYSA-N	1.0
POSWICCRDBKBMH-UHFFFAOYSA-N	1.0
POSWICCRDBKBMH-UHFFFAOYSA-N	1.0
GGEKTDCCHNVLNE-UHFFFAOYSA-N	0.947562440752365
GGEKTDCCHNVLNE-UHFFFAOYSA-N	0.9618053048535574
GGEKTDCCHNVLNE-UHFFFAOYSA-N	0.978884204446208
GGEKTDCCHNVLNE-UHFFFAOYSA-N	0.7160231465292284
GGEKTDCCHNVLNE-UHFFFAOYSA-N	0.7160231465292284
GGEKTDCCHNVLNE-UHFFFAOYSA-N	0.5939176250477098
GGEKTDCCHNVLNE-UHFFFAOYSA-N	0.8755289406558335
GGEKTDCCHNVLNE-UHFFFAOYSA-N	0.8623219736893637
GGEKTDCCHNVLNE-UHFFFAOYSA-N	0.8668204597178829
GGEKTDCCHNVLNE-UHFFFAOYSA-N	0.9443160510299526
GGEKTDCCHNVLNE-UHFFFAOYSA-N	0.942844115670786
GGEKTDCCHNVLNE-UHFFFAOYSA-N	0.7461707802730775
GGEKTDCCHNVLNE-UHFFFAOYSA-N	0.7461707802730775
GGEKTDCCHNVLNE-UHFFFAOYSA-N	0.6203344378759048
GGEKTDCCHNVLNE-UHFFFAOYSA-N	0.8593491959409597
GGEKTDCCHNVLNE-UHFFFAOYSA-N	0.9101499963594
GGEKTDCCHNVLNE-UHFFFAOYSA-N	0.9116021711901078
GGEKTDCCHNVLNE-UHFFFAOYSA-N	0.9744203145947592
GGEKTDCCHNVLNE-UHFFFAOYSA-N	0.7031951001643238
GGEKTDCCHNVLNE-UHFFFAOYSA-N	0.7031951001643238
GGEKTDCCHNVLNE-UHFFFAOYSA-N	0.5829600090349584
GGEKTDCCHNVLNE-UHFFFAOYSA-N	0.9104905576421733
GGEKTDCCHNVLNE-UHFFFAOYSA-N	0.8593491959409597
GGEKTDCCHNVLNE-UHFFFAOYSA-N	0.8640482901732535
GGEKTDCCHNVLNE-UHFFFAOYSA-N	0.7085193637187304
GGEKTDCCHNVLNE-UHFFFAOYSA-N	0.7085193637187304
GGEKTDCCHNVLNE-UHFFFAOYSA-N	0.5875086775598407
GGEKTDCCHNVLNE-UHFFFAOYSA-N	0.8870769490117605
GGEKTDCCHNVLNE-UHFFFAOYSA-N	0.8580012970558722
GGEKTDCCHNVLNE-UHFFFAOYSA-N	0.8627915790400564
GGEKTDCCHNVLNE-UHFFFAOYSA-N	1.0
GGEKTDCCHNVLNE-UHFFFAOYSA-N	0.7262445693359766
GGEKTDCCHNVLNE-UHFFFAOYSA-N	0.784895981935671
GGEKTDCCHNVLNE-UHFFFAOYSA-N	0.8329426167376585
GGEKTDCCHNVLNE-UHFFFAOYSA-N	0.7494006319650007
GGEKTDCCHNVLNE-UHFFFAOYSA-N	0.7262445693359766
GGEKTDCCHNVLNE-UHFFFAOYSA-N	0.784895981935671
GGEKTDCCHNVLNE-UHFFFAOYSA-N	0.8329426167376585
GGEKTDCCHNVLNE-UHFFFAOYSA-N	0.7494006319650007
GGEKTDCCHNVLNE-UHFFFAOYSA-N	0.650658286590042
GGEKTDCCHNVLNE-UHFFFAOYSA-N	0.6924415561200638
GGEKTDCCHNVLNE-UHFFFAOYSA-N	0.6224020077564494
GGEKTDCCHNVLNE-UHFFFAOYSA-N	0.9443160510299526
GGEKTDCCHNVLNE-UHFFFAOYSA-N	0.861533034754643
GGEKTDCCHNVLNE-UHFFFAOYSA-N	0.9090593428863095
FBEAEYZRUGTMAE-UHFFFAOYSA-N	0.853149801226803
FBEAEYZRUGTMAE-UHFFFAOYSA-N	0.853149801226803
FBEAEYZRUGTMAE-UHFFFAOYSA-N	0.8116039553822768
FBEAEYZRUGTMAE-UHFFFAOYSA-N	0.8116039553822768
FBEAEYZRUGTMAE-UHFFFAOYSA-N	0.8131125142219333
FBEAEYZRUGTMAE-UHFFFAOYSA-N	0.8131125142219333
FBEAEYZRUGTMAE-UHFFFAOYSA-N	0.8131125142219333
FBEAEYZRUGTMAE-UHFFFAOYSA-N	0.8116039553822768
FBEAEYZRUGTMAE-UHFFFAOYSA-N	0.8293039840970352
FBEAEYZRUGTMAE-UHFFFAOYSA-N	1.0
FBEAEYZRUGTMAE-UHFFFAOYSA-N	0.8116039553822768
FBEAEYZRUGTMAE-UHFFFAOYSA-N	0.8116039553822768
FBEAEYZRUGTMAE-UHFFFAOYSA-N	0.8119813578464693
FBEAEYZRUGTMAE-UHFFFAOYSA-N	0.8119813578464693
FBEAEYZRUGTMAE-UHFFFAOYSA-N	0.8119813578464693
FBEAEYZRUGTMAE-UHFFFAOYSA-N	0.8116039553822768
FBEAEYZRUGTMAE-UHFFFAOYSA-N	0.8346068699998703
FBEAEYZRUGTMAE-UHFFFAOYSA-N	0.8116039553822768
FBEAEYZRUGTMAE-UHFFFAOYSA-N	0.8116039553822768
FBEAEYZRUGTMAE-UHFFFAOYSA-N	0.8119813578464693
FBEAEYZRUGTMAE-UHFFFAOYSA-N	0.8119813578464693
FBEAEYZRUGTMAE-UHFFFAOYSA-N	0.8119813578464693
FBEAEYZRUGTMAE-UHFFFAOYSA-N	0.8116039553822768
FBEAEYZRUGTMAE-UHFFFAOYSA-N	0.8346068699998703
FBEAEYZRUGTMAE-UHFFFAOYSA-N	1.0
FBEAEYZRUGTMAE-UHFFFAOYSA-N	0.8569568250501305
FBEAEYZRUGTMAE-UHFFFAOYSA-N	0.8569568250501305
FBEAEYZRUGTMAE-UHFFFAOYSA-N	0.8569568250501305
FBEAEYZRUGTMAE-UHFFFAOYSA-N	1.0
FBEAEYZRUGTMAE-UHFFFAOYSA-N	0.821090625214303
FBEAEYZRUGTMAE-UHFFFAOYSA-N	0.8569568250501305
FBEAEYZRUGTMAE-UHFFFAOYSA-N	0.8569568250501305
FBEAEYZRUGTMAE-UHFFFAOYSA-N	0.8569568250501305
FBEAEYZRUGTMAE-UHFFFAOYSA-N	1.0
FBEAEYZRUGTMAE-UHFFFAOYSA-N	0.821090625214303
FBEAEYZRUGTMAE-UHFFFAOYSA-N	1.0
FBEAEYZRUGTMAE-UHFFFAOYSA-N	1.0
FBEAEYZRUGTMAE-UHFFFAOYSA-N	0.8569568250501305
FBEAEYZRUGTMAE-UHFFFAOYSA-N	0.821090625214303
FBEAEYZRUGTMAE-UHFFFAOYSA-N	1.0
FBEAEYZRUGTMAE-UHFFFAOYSA-N	0.8569568250501305
FBEAEYZRUGTMAE-UHFFFAOYSA-N	0.821090625214303
FBEAEYZRUGTMAE-UHFFFAOYSA-N	0.8569568250501305
FBEAEYZRUGTMAE-UHFFFAOYSA-N	0.821090625214303
FBEAEYZRUGTMAE-UHFFFAOYSA-N	0.821090625214303
UBKOYAUKDZMQDZ-UHFFFAOYSA-N	1.0
UBKOYAUKDZMQDZ-UHFFFAOYSA-N	1.0
UBKOYAUKDZMQDZ-UHFFFAOYSA-N	1.0
UBKOYAUKDZMQDZ-UHFFFAOYSA-N	0.0
UBKOYAUKDZMQDZ-UHFFFAOYSA-N	0.0
UBKOYAUKDZMQDZ-UHFFFAOYSA-N	0.0
UBKOYAUKDZMQDZ-UHFFFAOYSA-N	0.0
UBKOYAUKDZMQDZ-UHFFFAOYSA-N	0.0
UBKOYAUKDZMQDZ-UHFFFAOYSA-N	0.0
UBKOYAUKDZMQDZ-UHFFFAOYSA-N	1.0
UBKOYAUKDZMQDZ-UHFFFAOYSA-N	1.0
UBKOYAUKDZMQDZ-UHFFFAOYSA-N	0.0
UBKOYAUKDZMQDZ-UHFFFAOYSA-N	0.0
UBKOYAUKDZMQDZ-UHFFFAOYSA-N	0.0
UBKOYAUKDZMQDZ-UHFFFAOYSA-N	0.0
UBKOYAUKDZMQDZ-UHFFFAOYSA-N	0.0
UBKOYAUKDZMQDZ-UHFFFAOYSA-N	0.0
UBKOYAUKDZMQDZ-UHFFFAOYSA-N	1.0
UBKOYAUKDZMQDZ-UHFFFAOYSA-N	0.0
UBKOYAUKDZMQDZ-UHFFFAOYSA-N	0.0
UBKOYAUKDZMQDZ-UHFFFAOYSA-N	0.0
UBKOYAUKDZMQDZ-UHFFFAOYSA-N	0.0
UBKOYAUKDZMQDZ-UHFFFAOYSA-N	0.0
UBKOYAUKDZMQDZ-UHFFFAOYSA-N	0.0
UBKOYAUKDZMQDZ-UHFFFAOYSA-N	0.0
UBKOYAUKDZMQDZ-UHFFFAOYSA-N	0.0
UBKOYAUKDZMQDZ-UHFFFAOYSA-N	0.0
UBKOYAUKDZMQDZ-UHFFFAOYSA-N	0.0
UBKOYAUKDZMQDZ-UHFFFAOYSA-N	0.0
UBKOYAUKDZMQDZ-UHFFFAOYSA-N	0.0
UBKOYAUKDZMQDZ-UHFFFAOYSA-N	1.0
UBKOYAUKDZMQDZ-UHFFFAOYSA-N	0.0
UBKOYAUKDZMQDZ-UHFFFAOYSA-N	0.0
UBKOYAUKDZMQDZ-UHFFFAOYSA-N	0.0
UBKOYAUKDZMQDZ-UHFFFAOYSA-N	0.0
UBKOYAUKDZMQDZ-UHFFFAOYSA-N	0.0
UBKOYAUKDZMQDZ-UHFFFAOYSA-N	0.0
UBKOYAUKDZMQDZ-UHFFFAOYSA-N	0.0
UBKOYAUKDZMQDZ-UHFFFAOYSA-N	0.0
UBKOYAUKDZMQDZ-UHFFFAOYSA-N	1.0
UBKOYAUKDZMQDZ-UHFFFAOYSA-N	1.0
UBKOYAUKDZMQDZ-UHFFFAOYSA-N	1.0
UBKOYAUKDZMQDZ-UHFFFAOYSA-N	1.0
UBKOYAUKDZMQDZ-UHFFFAOYSA-N	1.0
UBKOYAUKDZMQDZ-UHFFFAOYSA-N	1.0
QOUVTYNQXMDDHV-UHFFFAOYSA-N	0.5208504934264993
QOUVTYNQXMDDHV-UHFFFAOYSA-N	0.8307932301748419
QOUVTYNQXMDDHV-UHFFFAOYSA-N	0.45934695861726643
QOUVTYNQXMDDHV-UHFFFAOYSA-N	0.748509871450158
QOUVTYNQXMDDHV-UHFFFAOYSA-N	0.748509871450158
QOUVTYNQXMDDHV-UHFFFAOYSA-N	0.748509871450158
QOUVTYNQXMDDHV-UHFFFAOYSA-N	0.7029527097019362
QOUVTYNQXMDDHV-UHFFFAOYSA-N	0.5759290511093039
QOUVTYNQXMDDHV-UHFFFAOYSA-N	0.7053661516315443
QOUVTYNQXMDDHV-UHFFFAOYSA-N	0.5664338166753072
QOUVTYNQXMDDHV-UHFFFAOYSA-N	0.6666666666666666
QOUVTYNQXMDDHV-UHFFFAOYSA-N	0.6333865578091424
QOUVTYNQXMDDHV-UHFFFAOYSA-N	0.6333865578091424
QOUVTYNQXMDDHV-UHFFFAOYSA-N	0.6495656644022488
QOUVTYNQXMDDHV-UHFFFAOYSA-N	0.5229408308762545
QOUVTYNQXMDDHV-UHFFFAOYSA-N	0.4085497003716038
QOUVTYNQXMDDHV-UHFFFAOYSA-N	0.6099428040432457
QOUVTYNQXMDDHV-UHFFFAOYSA-N	0.4624912746372307
QOUVTYNQXMDDHV-UHFFFAOYSA-N	0.7613434088277939
QOUVTYNQXMDDHV-UHFFFAOYSA-N	0.7613434088277939
QOUVTYNQXMDDHV-UHFFFAOYSA-N	0.7613434088277939
QOUVTYNQXMDDHV-UHFFFAOYSA-N	0.6398784606817488
QOUVTYNQXMDDHV-UHFFFAOYSA-N	0.5241905258438033
QOUVTYNQXMDDHV-UHFFFAOYSA-N	0.6419996581592583
QOUVTYNQXMDDHV-UHFFFAOYSA-N	0.5585944385780756
QOUVTYNQXMDDHV-UHFFFAOYSA-N	0.5585944385780756
QOUVTYNQXMDDHV-UHFFFAOYSA-N	0.5728630694049306
QOUVTYNQXMDDHV-UHFFFAOYSA-N	0.4930333435625694
QOUVTYNQXMDDHV-UHFFFAOYSA-N	0.4085497003716038
QOUVTYNQXMDDHV-UHFFFAOYSA-N	0.5750595904998888
QOUVTYNQXMDDHV-UHFFFAOYSA-N	1.0
QOUVTYNQXMDDHV-UHFFFAOYSA-N	0.9120555016528534
QOUVTYNQXMDDHV-UHFFFAOYSA-N	0.7335264240207979
QOUVTYNQXMDDHV-UHFFFAOYSA-N	0.5926777091871687
QOUVTYNQXMDDHV-UHFFFAOYSA-N	0.7312688537260841
QOUVTYNQXMDDHV-UHFFFAOYSA-N	0.9120555016528534
QOUVTYNQXMDDHV-UHFFFAOYSA-N	0.7335264240207979
QOUVTYNQXMDDHV-UHFFFAOYSA-N	0.5926777091871687
QOUVTYNQXMDDHV-UHFFFAOYSA-N	0.7312688537260841
QOUVTYNQXMDDHV-UHFFFAOYSA-N	0.6578477229604176
QOUVTYNQXMDDHV-UHFFFAOYSA-N	0.5227785804632435
QOUVTYNQXMDDHV-UHFFFAOYSA-N	0.7423952729968939
QOUVTYNQXMDDHV-UHFFFAOYSA-N	0.741479377101391
QOUVTYNQXMDDHV-UHFFFAOYSA-N	0.8582928793055823
QOUVTYNQXMDDHV-UHFFFAOYSA-N	0.6845082813973746
JCWGKHHVSUBNRQ-UHFFFAOYSA-N	0.6821910402406465
JCWGKHHVSUBNRQ-UHFFFAOYSA-N	0.6160469859425407
JCWGKHHVSUBNRQ-UHFFFAOYSA-N	0.6160469859425407
JCWGKHHVSUBNRQ-UHFFFAOYSA-N	1.0
JCWGKHHVSUBNRQ-UHFFFAOYSA-N	0.6160469859425407
JCWGKHHVSUBNRQ-UHFFFAOYSA-N	0.6160469859425407
JCWGKHHVSUBNRQ-UHFFFAOYSA-N	0.6160469859425407
JCWGKHHVSUBNRQ-UHFFFAOYSA-N	0.6160469859425407
JCWGKHHVSUBNRQ-UHFFFAOYSA-N	0.5449260908090605
JCWGKHHVSUBNRQ-UHFFFAOYSA-N	0.42138355753885626
JCWGKHHVSUBNRQ-UHFFFAOYSA-N	0.42138355753885626
JCWGKHHVSUBNRQ-UHFFFAOYSA-N	0.6821910402406465
JCWGKHHVSUBNRQ-UHFFFAOYSA-N	0.42138355753885626
JCWGKHHVSUBNRQ-UHFFFAOYSA-N	0.42138355753885626
JCWGKHHVSUBNRQ-UHFFFAOYSA-N	0.42138355753885626
JCWGKHHVSUBNRQ-UHFFFAOYSA-N	0.42138355753885626
JCWGKHHVSUBNRQ-UHFFFAOYSA-N	0.3713281774719169
JCWGKHHVSUBNRQ-UHFFFAOYSA-N	0.8660254037844386
JCWGKHHVSUBNRQ-UHFFFAOYSA-N	0.6160469859425407
JCWGKHHVSUBNRQ-UHFFFAOYSA-N	0.8660254037844386
JCWGKHHVSUBNRQ-UHFFFAOYSA-N	0.8660254037844386
JCWGKHHVSUBNRQ-UHFFFAOYSA-N	0.8660254037844386
JCWGKHHVSUBNRQ-UHFFFAOYSA-N	0.8660254037844386
JCWGKHHVSUBNRQ-UHFFFAOYSA-N	0.75
JCWGKHHVSUBNRQ-UHFFFAOYSA-N	0.6160469859425407
JCWGKHHVSUBNRQ-UHFFFAOYSA-N	0.8660254037844386
JCWGKHHVSUBNRQ-UHFFFAOYSA-N	0.8660254037844386
JCWGKHHVSUBNRQ-UHFFFAOYSA-N	0.8660254037844386
JCWGKHHVSUBNRQ-UHFFFAOYSA-N	0.8660254037844386
JCWGKHHVSUBNRQ-UHFFFAOYSA-N	0.75
JCWGKHHVSUBNRQ-UHFFFAOYSA-N	0.6160469859425407
JCWGKHHVSUBNRQ-UHFFFAOYSA-N	0.6160469859425407
JCWGKHHVSUBNRQ-UHFFFAOYSA-N	0.6160469859425407
JCWGKHHVSUBNRQ-UHFFFAOYSA-N	0.6160469859425407
JCWGKHHVSUBNRQ-UHFFFAOYSA-N	0.5449260908090605
JCWGKHHVSUBNRQ-UHFFFAOYSA-N	0.8660254037844386
JCWGKHHVSUBNRQ-UHFFFAOYSA-N	0.8660254037844386
JCWGKHHVSUBNRQ-UHFFFAOYSA-N	0.8660254037844386
JCWGKHHVSUBNRQ-UHFFFAOYSA-N	0.75
JCWGKHHVSUBNRQ-UHFFFAOYSA-N	0.8660254037844386
JCWGKHHVSUBNRQ-UHFFFAOYSA-N	0.8660254037844386
JCWGKHHVSUBNRQ-UHFFFAOYSA-N	0.75
JCWGKHHVSUBNRQ-UHFFFAOYSA-N	0.8660254037844386
JCWGKHHVSUBNRQ-UHFFFAOYSA-N	0.75
JCWGKHHVSUBNRQ-UHFFFAOYSA-N	0.75
